Pair,NASA Categories,Custom Categories,2009,2010,2011,2012,2013,2014,2015,2016,2017,2018,2019,2020,2021,2022,2023,2024
Actiwatch/HRF-1,Human Research/Multipurpose,Crew health/Crew health,0.117741935,0.107020548,0.025531915,0,0,0,0,0,0,0,0,0,0.001517451,0,0.013867488,0.006557377
Actiwatch/Holter Monitor 2,Human Research/Human Research,Crew health/Crew health,0.040322581,0.024828767,0.025531915,0.026753435,0,0,0,0,0,0,0,0,0.001517451,0,0,0
CGBA/EXPRESS Rack,Biology and Biotechnology/Multipurpose,Biology/General science,0.038709677,0.011986301,0.036595745,0.036876356,0,0,0.004032258,0,0,0,0,0,0,0,0,0
MELFI/PCBA,Multipurpose/Human Research,Refrigeration/Crew health,0.028225806,0.012842466,0.015319149,0.007953724,0,0,0,0,0,0,0,0,0,0,0,0
MELFI/RC,Multipurpose/Human Research,Refrigeration/Centrifuge,0.023387097,0.039383562,0.046808511,0.081706435,0.014409222,0,0,0.021126761,0.006441224,0,0,0,0,0,0,0
PCBA/SLAMMD,Human Research/Human Research,Crew health/General science,0.021774194,0.009417808,0.011914894,0.007953724,0,0,0,0,0,0,0,0,0,0,0,0
MELFI/SLAMMD,Multipurpose/Human Research,Refrigeration/General science,0.020967742,0.009417808,0.011914894,0.007953724,0,0,0,0,0,0,0,0,0,0,0,0
EPM/Holter Monitor 2,Human Research/Human Research,Crew health/Crew health,0.016935484,0.017123288,0.020425532,0.025307303,0,0,0,0,0,0,0,0,0,0,0,0
Actiwatch/EPM,Human Research/Human Research,Crew health/Crew health,0.016935484,0.017123288,0.024680851,0.051337672,0,0,0,0,0,0,0,0,0,0,0,0
GLACIER/MELFI,Multipurpose/Multipurpose,Refrigeration/Refrigeration,0.014516129,0.010273973,0.004255319,0.002169197,0,0,0.002016129,0,0.012882448,0.008130081,0.005415162,0.004357298,0,0,0,0
CBEF/MELFI,Biology and Biotechnology/Multipurpose,Centrifuge/Refrigeration,0.012096774,0.014554795,0.005106383,0.003615329,0,0.027196653,0.016129032,0.008802817,0.004830918,0.004878049,0,0,0,0,0,0
PFS/Portable Pulmonary Function System,Human Research/Human Research,Crew health/Crew health,0.010483871,0.029965753,0.023829787,0.028199566,0.005763689,0.010460251,0.018145161,0.008802817,0.004830918,0.001626016,0.001805054,0.004357298,0.003034901,0.00154321,0.004622496,0
CBEF/Saibo,Biology and Biotechnology/Multipurpose,Centrifuge/Biology,0.010483871,0.002568493,0,0,0.002881844,0.006276151,0.004032258,0.008802817,0.001610306,0.004878049,0.018050542,0.010893246,0.006069803,0.010802469,0.003081664,0
CB/MELFI,Multipurpose/Multipurpose,Glovebox/Refrigeration,0.009677419,0.005993151,0.000851064,0.009399855,0.011527378,0.00209205,0.004032258,0,0.001610306,0,0,0.004357298,0.001517451,0,0,0
EXPRESS Rack/MELFI,Multipurpose/Multipurpose,General science/Refrigeration,0.008064516,0.003424658,0.004255319,0.000723066,0,0,0.004032258,0,0,0,0.001805054,0,0,0,0,0
Holter/PFS,Human Research/Human Research,Crew health/Crew health,0.008064516,0.005136986,0.003404255,0.002892263,0,0,0,0,0,0,0,0,0,0,0,0
KFT/MELFI,Biology and Biotechnology/Multipurpose,Glovebox/Refrigeration,0.008064516,0.008561644,0.004255319,0.003615329,0,0,0,0,0.003220612,0.001626016,0,0,0,0,0,0
ELC/EXPRESS Rack,Earth and Space Science/Multipurpose,External payloads/General science,0.007258065,0.008561644,0.006808511,0.005784526,0.014409222,0,0,0.003521127,0,0,0,0,0,0.00462963,0,0.003278689
GLACIER/MERLIN,Multipurpose/Biology and Biotechnology,Refrigeration/Refrigeration,0.007258065,0.004280822,0.002553191,0.001446132,0.011527378,0,0.002016129,0,0.001610306,0,0.003610108,0.002178649,0.003034901,0,0,0
MELFI/MERLIN,Multipurpose/Biology and Biotechnology,Refrigeration/Refrigeration,0.007258065,0.007705479,0.001702128,0.000723066,0,0.00209205,0,0.001760563,0.001610306,0.001626016,0.003610108,0.004357298,0.001517451,0,0.004622496,0
EPM/Holter,Human Research/Human Research,Crew health/Crew health,0.006451613,0.002568493,0.003404255,0.000723066,0,0,0,0.001760563,0,0,0,0,0,0,0,0
EXPRESS Rack/GLACIER,Multipurpose/Multipurpose,General science/Refrigeration,0.006451613,0.002568493,0.005106383,0.003615329,0.017291066,0,0,0,0,0,0.001805054,0,0.001517451,0,0,0
CIR/MSG,Physical Science/Multipurpose,Furnace/Glovebox,0.006451613,0.001712329,0.000851064,0,0,0,0,0,0,0,0,0,0,0,0,0
CIR/EXPRESS Rack,Physical Science/Multipurpose,Furnace/General science,0.006451613,0.001712329,0.000851064,0.000723066,0,0,0,0,0,0,0,0,0,0,0,0
EXPRESS Rack/MERLIN,Multipurpose/Biology and Biotechnology,General science/Refrigeration,0.006451613,0.003424658,0.012765957,0,0.011527378,0,0,0.001760563,0.001610306,0,0.001805054,0,0,0,0.001540832,0
CBPD/Holter Monitor 2,Human Research/Human Research,Crew health/Crew health,0.006451613,0,0,0,0,0,0,0,0,0,0,0,0,0,0,0
EXPRESS Rack/MDS,Multipurpose/Biology and Biotechnology,General science/Biology,0.005645161,0,0,0,0,0,0,0,0,0,0,0,0,0,0,0
Actiwatch/Holter,Human Research/Human Research,Crew health/Crew health,0.005645161,0,0.002553191,0.005784526,0.017291066,0.0041841,0.016129032,0.017605634,0,0,0,0,0,0,0,0
CB/CBEF,Multipurpose/Biology and Biotechnology,Glovebox/Centrifuge,0.00483871,0.002568493,0,0,0,0.012552301,0,0,0,0,0.010830325,0.008714597,0.004552352,0.010802469,0.003081664,0
MELFI/Saibo,Multipurpose/Multipurpose,Refrigeration/Biology,0.00483871,0.001712329,0.002553191,0,0,0.0041841,0.002016129,0,0,0,0,0,0,0,0,0
HRF-2/Holter,Multipurpose/Human Research,Crew health/Crew health,0.00483871,0.001712329,0.000851064,0.001446132,0,0,0,0,0,0,0,0,0,0,0,0
Actiwatch/CBPD,Human Research/Human Research,Crew health/Crew health,0.00483871,0,0,0,0,0,0,0,0,0,0,0,0,0,0,0
EXPRESS Rack/MSG,Multipurpose/Multipurpose,General science/Glovebox,0.00483871,0.003424658,0.000851064,0.000723066,0,0,0.002016129,0,0,0,0,0,0,0,0,0
FPEF/IPU,Physical Science/Multipurpose,Fluids/Image processing,0.00483871,0.007705479,0.010212766,0.004338395,0,0,0.004032258,0.003521127,0,0,0.001805054,0,0.003034901,0.00308642,0.001540832,0.003278689
HRF-2/PFS,Multipurpose/Human Research,Crew health/Crew health,0.00483871,0.001712329,0.001702128,0.003615329,0,0,0,0,0,0,0,0,0,0,0,0
MDS/MELFI,Biology and Biotechnology/Multipurpose,Biology/Refrigeration,0.004032258,0,0.003404255,0.002169197,0,0,0,0,0,0,0,0,0,0,0,0
MDS/PGB,Biology and Biotechnology/Multipurpose,Biology/Glovebox,0.004032258,0,0,0,0,0,0,0,0,0,0,0,0,0,0,0
CBEF/KFT,Biology and Biotechnology/Biology and Biotechnology,Centrifuge/Glovebox,0.004032258,0.002568493,0.004255319,0.002169197,0.002881844,0,0,0,0,0,0,0,0,0,0,0
FPEF/MWA,Physical Science/Multipurpose,Fluids/Maintenance,0.004032258,0.005993151,0.004255319,0.002169197,0.005763689,0,0,0,0,0,0,0,0,0,0,0
DECLIC/EXPRESS Rack,Physical Science/Multipurpose,Fluids/General science,0.004032258,0.005993151,0.003404255,0.005061461,0,0,0,0,0,0,0,0,0.001517451,0,0,0
CBPD/EPM,Human Research/Human Research,Crew health/Crew health,0.004032258,0,0,0.000723066,0,0,0,0,0,0,0,0.002178649,0,0.00308642,0,0.003278689
CGBA/MSG,Biology and Biotechnology/Multipurpose,Biology/Glovebox,0.004032258,0.002568493,0.006808511,0,0,0,0.006048387,0.001760563,0,0,0,0,0,0,0,0
PFS/RC,Human Research/Human Research,Crew health/Centrifuge,0.004032258,0.001712329,0.000851064,0.001446132,0,0,0,0,0,0,0,0,0,0,0,0
EPM/PFS,Human Research/Human Research,Crew health/Crew health,0.004032258,0.002568493,0.001702128,0.002892263,0.014409222,0,0,0,0,0,0,0,0.001517451,0.00154321,0.001540832,0
CB/Saibo,Multipurpose/Multipurpose,Glovebox/Biology,0.004032258,0.001712329,0.000851064,0,0,0.0041841,0.002016129,0,0.001610306,0,0.010830325,0.008714597,0.004552352,0.010802469,0.003081664,0
Holter/RC,Human Research/Human Research,Crew health/Centrifuge,0.003225806,0.001712329,0.000851064,0.001446132,0,0,0,0,0,0,0,0,0,0,0,0
Holter/MELFI,Human Research/Multipurpose,Crew health/Refrigeration,0.003225806,0.001712329,0.000851064,0.002892263,0,0,0,0,0,0,0,0,0,0,0,0
MELFI/PFS,Multipurpose/Human Research,Refrigeration/Crew health,0.003225806,0.002568493,0.001702128,0.001446132,0,0,0,0,0,0,0,0,0,0,0,0
MSL/MSRR-1,Physical Science/Physical Science,Furnace/Materials,0.003225806,0.005993151,0.003404255,0,0,0,0,0,0.001610306,0,0,0,0.004552352,0,0,0
PCBA/RC,Human Research/Human Research,Crew health/Centrifuge,0.003225806,0.000856164,0,0,0,0,0,0,0,0,0,0,0,0,0,0
CB/GLACIER,Multipurpose/Multipurpose,Glovebox/Refrigeration,0.003225806,0.000856164,0,0.001446132,0.005763689,0,0,0,0.001610306,0,0,0.002178649,0,0,0,0
CB/Double Coldbag,Multipurpose/Multipurpose,Glovebox/Refrigeration,0.002419355,0.005136986,0.000851064,0.002892263,0,0,0,0,0.001610306,0,0.003610108,0.002178649,0,0,0,0.003278689
FSL/MVIS,Physical Science/Multipurpose,Fluids/Vibration isolation,0.002419355,0.001712329,0.001702128,0,0,0,0,0,0.001610306,0,0,0,0,0,0,0
FIR/LMM,Physical Science/Multipurpose,Fluids/Microscope,0.002419355,0.008561644,0.027234043,0.002892263,0.008645533,0.016736402,0.006048387,0.003521127,0.035426731,0.016260163,0.025270758,0.021786492,0.018209408,0,0,0
Double Coldbag/MELFI,Multipurpose/Multipurpose,Refrigeration/Refrigeration,0.002419355,0.004280822,0,0.001446132,0,0,0,0.001760563,0.003220612,0,0,0.002178649,0,0,0.001540832,0
Holter/Holter Monitor 2,Human Research/Human Research,Crew health/Crew health,0.002419355,0,0.001702128,0,0,0,0,0,0,0,0,0,0,0,0,0
MDS/Saibo,Biology and Biotechnology/Multipurpose,Biology/Biology,0.002419355,0,0.002553191,0,0,0,0,0,0,0,0,0,0,0,0,0
EXPRESS Rack/UMS,Multipurpose/Human Research,General science/Crew health,0.002419355,0.000856164,0.003404255,0,0,0,0.002016129,0,0,0,0,0,0,0,0,0
EPM/RC,Human Research/Human Research,Crew health/Centrifuge,0.002419355,0,0,0,0,0,0,0,0,0,0,0,0,0,0,0
MSG/SAMS-II,Multipurpose/Multipurpose,Glovebox/Physics,0.002419355,0,0,0,0,0,0,0,0,0,0,0,0,0,0,0
EPM/MELFI,Human Research/Multipurpose,Crew health/Refrigeration,0.002419355,0,0.000851064,0,0,0,0,0,0,0,0,0,0,0,0,0
RAM/RC,Human Research/Human Research,Crew health/Centrifuge,0.002419355,0.001712329,0,0,0,0,0,0,0,0,0,0,0,0,0,0
FPEF/SCOF,Physical Science/Biology and Biotechnology,Fluids/Microscope,0.002419355,0.004280822,0,0,0,0,0.004032258,0,0,0,0.001805054,0,0.004552352,0.00308642,0.001540832,0.003278689
IPU/SCOF,Multipurpose/Biology and Biotechnology,Image processing/Microscope,0.002419355,0.003424658,0,0,0,0,0.002016129,0,0,0,0.001805054,0,0.003034901,0.00308642,0.001540832,0.003278689
RC/SLAMMD,Human Research/Human Research,Centrifuge/General science,0.001612903,0.000856164,0,0,0,0,0,0,0,0,0,0,0,0,0,0
Double Coldbag/GLACIER,Multipurpose/Multipurpose,Refrigeration/Refrigeration,0.001612903,0.000856164,0,0.000723066,0,0,0,0,0.001610306,0,0,0,0,0,0,0
EPM/ETC,Human Research/Multipurpose,Crew health/Stowage,0.001612903,0.001712329,0,0,0,0,0,0,0,0,0,0,0,0,0,0
ABRS/EXPRESS Rack,Biology and Biotechnology/Multipurpose,Plant/General science,0.001612903,0,0,0.000723066,0,0.00209205,0,0,0,0,0,0,0,0,0,0
EXPRESS Rack/Portable Pulmonary Function System,Multipurpose/Human Research,General science/Crew health,0.001612903,0,0.001702128,0,0,0,0,0,0,0,0,0,0,0,0,0
FPEF/Ryutai,Physical Science/Multipurpose,Fluids/General science,0.001612903,0,0.002553191,0,0.008645533,0,0.006048387,0.00528169,0,0,0.001805054,0.002178649,0.004552352,0.00308642,0.001540832,0.003278689
DECLIC/MDS,Physical Science/Biology and Biotechnology,Fluids/Biology,0.001612903,0,0,0,0,0,0,0,0,0,0,0,0,0,0,0
EPM/HRF-2,Human Research/Multipurpose,Crew health/Crew health,0.001612903,0.001712329,0.000851064,0.000723066,0,0,0,0,0,0,0,0,0,0,0,0
ABRS/RC,Biology and Biotechnology/Human Research,Plant/Centrifuge,0.001612903,0.002568493,0,0,0,0,0,0,0,0,0,0,0,0,0,0
ABRS/MWA,Biology and Biotechnology/Multipurpose,Plant/Maintenance,0.001612903,0.000856164,0,0,0,0,0.004032258,0,0.001610306,0,0,0,0,0,0,0
EXPRESS Rack/WORF,Multipurpose/Earth and Space Science,General science/Earth observation,0.001612903,0.002568493,0.002553191,0,0,0,0,0,0,0,0,0,0,0,0,0
CIR/SAMS-II,Physical Science/Multipurpose,Furnace/Physics,0.001612903,0,0,0,0,0,0,0,0,0,0,0,0,0,0,0
ALTEA/ELC,Human Research/Earth and Space Science,Crew health/External payloads,0.001612903,0,0,0.000723066,0,0,0,0,0,0,0,0,0,0,0,0
FIR/MELFI,Physical Science/Multipurpose,Fluids/Refrigeration,0.001612903,0.001712329,0,0,0,0,0,0,0.00805153,0.001626016,0.003610108,0,0,0,0,0
CBEF/IPU,Biology and Biotechnology/Multipurpose,Centrifuge/Image processing,0.001612903,0.000856164,0,0,0,0,0.006048387,0.007042254,0,0,0.003610108,0,0,0,0,0
CIR/ELC,Physical Science/Earth and Space Science,Furnace/External payloads,0.001612903,0,0.000851064,0.000723066,0,0,0,0.001760563,0,0,0,0,0,0,0,0
EXPRESS Rack/PFS,Multipurpose/Human Research,General science/Crew health,0.001612903,0,0.002553191,0,0,0,0,0,0,0,0,0,0,0,0,0
RC/Solar,Human Research/Earth and Space Science,Centrifuge/Astronomy,0.001612903,0,0,0,0,0,0,0,0,0,0,0,0,0.00154321,0.001540832,0
CBPD/Holter,Human Research/Human Research,Crew health/Crew health,0.001612903,0,0,0,0,0,0,0,0,0,0,0,0,0,0,0
PCRF/Ryutai,Biology and Biotechnology/Multipurpose,Biology/General science,0.000806452,0,0.000851064,0.000723066,0,0.0041841,0.002016129,0.001760563,0,0.001626016,0,0,0.003034901,0.00308642,0.001540832,0.003278689
IPU/PCRF,Multipurpose/Biology and Biotechnology,Image processing/Biology,0.000806452,0,0,0,0,0,0,0,0,0,0,0,0.003034901,0.00308642,0.001540832,0.003278689
FPEF/PCRF,Physical Science/Biology and Biotechnology,Fluids/Biology,0.000806452,0,0,0,0,0,0,0,0,0,0,0,0.003034901,0.00308642,0.001540832,0.003278689
PCRF/SCOF,Biology and Biotechnology/Biology and Biotechnology,Biology/Microscope,0.000806452,0,0,0,0,0,0,0,0,0,0,0,0.003034901,0.00308642,0.001540832,0.003278689
Double Coldbag/MERLIN,Multipurpose/Biology and Biotechnology,Refrigeration/Refrigeration,0.000806452,0.000856164,0.000851064,0,0,0,0,0.001760563,0,0,0,0.002178649,0,0,0,0
CIR/UMS,Physical Science/Human Research,Furnace/Crew health,0.000806452,0.000856164,0,0,0,0,0,0,0,0,0,0,0,0,0,0
EXPRESS Rack/MAMS,Multipurpose/Multipurpose,General science/Physics,0.000806452,0,0,0,0,0,0,0,0,0,0,0,0,0,0,0.003278689
EXPRESS Rack/SAMS-II,Multipurpose/Multipurpose,General science/Physics,0.000806452,0,0,0.000723066,0,0,0,0,0,0.001626016,0,0,0,0,0,0
CGBA/SLAMMD,Biology and Biotechnology/Human Research,Biology/General science,0.000806452,0.000856164,0.000851064,0,0,0,0,0,0,0,0,0,0,0,0,0
EXPRESS Rack/SLAMMD,Multipurpose/Human Research,General science/General science,0.000806452,0.000856164,0.000851064,0,0,0,0,0,0,0,0,0,0,0,0,0
ABRS/MSG,Biology and Biotechnology/Multipurpose,Plant/Glovebox,0.000806452,0,0,0,0,0,0,0,0,0,0,0,0,0,0,0
ABRS/SLAMMD,Biology and Biotechnology/Human Research,Plant/General science,0.000806452,0,0,0,0,0,0,0,0,0,0,0,0,0,0,0
ABRS/MELFI,Biology and Biotechnology/Multipurpose,Plant/Refrigeration,0.000806452,0.002568493,0,0,0,0,0,0,0.003220612,0,0,0,0,0,0,0
FSL/MSG,Physical Science/Multipurpose,Fluids/Glovebox,0.000806452,0,0.000851064,0,0,0,0,0,0,0,0,0,0,0,0,0
MSG/MVIS,Multipurpose/Multipurpose,Glovebox/Vibration isolation,0.000806452,0,0,0,0,0,0,0,0,0,0,0,0,0,0,0
MWA/Ryutai,Multipurpose/Multipurpose,Maintenance/General science,0.000806452,0,0.002553191,0,0.005763689,0,0,0,0,0,0,0,0,0,0,0
Ryutai/SCOF,Multipurpose/Biology and Biotechnology,General science/Microscope,0.000806452,0,0,0,0,0.00209205,0.008064516,0,0,0,0.001805054,0,0.006069803,0.00308642,0.001540832,0.003278689
IPU/Ryutai,Multipurpose/Multipurpose,Image processing/General science,0.000806452,0,0.001702128,0.004338395,0,0,0.004032258,0,0,0,0.001805054,0,0.003034901,0.00308642,0.001540832,0.003278689
Double Coldbag/EXPRESS Rack,Multipurpose/Multipurpose,Refrigeration/General science,0.000806452,0,0,0,0,0,0,0,0,0,0,0,0,0,0,0
ABRS/CGBA,Biology and Biotechnology/Biology and Biotechnology,Plant/Biology,0.000806452,0,0,0,0,0,0,0,0,0,0,0,0,0,0,0
MELFI/Portable Pulmonary Function System,Multipurpose/Human Research,Refrigeration/Crew health,0.000806452,0.000856164,0.000851064,0,0,0,0,0,0,0,0,0,0,0,0,0
MSG/RC,Multipurpose/Human Research,Glovebox/Centrifuge,0.000806452,0,0,0,0,0,0,0,0,0,0,0,0,0,0,0
ALTEA/EXPRESS Rack,Human Research/Multipurpose,Crew health/General science,0.000806452,0.000856164,0.003404255,0.004338395,0,0,0,0,0,0,0,0,0.001517451,0,0,0
ALTEA/SPHERES,Human Research/Technology Development and Demonstration,Crew health/Robotics,0.000806452,0,0,0,0,0,0,0,0,0,0,0,0,0,0,0
Solar/WORF,Earth and Space Science/Earth and Space Science,Astronomy/Earth observation,0.000806452,0,0,0,0,0,0,0,0,0,0,0,0,0,0,0
MELFI/MSG,Multipurpose/Multipurpose,Refrigeration/Glovebox,0.000806452,0.005136986,0.000851064,0,0,0,0,0,0.011272142,0.003252033,0,0,0,0.00154321,0,0
CIR/FIR,Physical Science/Physical Science,Furnace/Fluids,0.000806452,0.003424658,0.002553191,0,0,0,0,0,0.001610306,0,0,0,0,0,0,0
FIR/MSG,Physical Science/Multipurpose,Fluids/Glovebox,0.000806452,0.001712329,0,0,0,0,0,0,0,0,0,0,0,0,0,0
EXPRESS Rack/FIR,Multipurpose/Physical Science,General science/Fluids,0.000806452,0.000856164,0,0,0,0,0,0,0,0,0,0,0,0,0,0
Holter/Portable Pulmonary Function System,Human Research/Human Research,Crew health/Crew health,0.000806452,0.000856164,0.000851064,0,0,0,0,0,0,0,0,0,0,0,0,0
PFS/Ultrasound,Human Research/Human Research,Crew health/Crew health,0.000806452,0,0,0,0,0,0.002016129,0.003521127,0,0,0,0,0,0,0,0
MELFI/MWA,Multipurpose/Multipurpose,Refrigeration/Maintenance,0.000806452,0.003424658,0.000851064,0.000723066,0,0.00209205,0.004032258,0,0.003220612,0.001626016,0,0,0,0,0,0
JEM-EF/RC,Earth and Space Science/Human Research,External payloads/Centrifuge,0.000806452,0,0,0,0,0,0,0,0,0,0.001805054,0,0,0,0,0
CB/Solar,Multipurpose/Earth and Space Science,Glovebox/Astronomy,0.000806452,0,0,0,0,0,0,0,0,0,0.001805054,0,0,0,0,0
RC/Ultrasound,Human Research/Human Research,Centrifuge/Crew health,0.000806452,0,0,0,0,0,0,0,0,0,0,0,0,0,0,0
Holter/IPU,Human Research/Multipurpose,Crew health/Image processing,0.000806452,0,0.000851064,0,0,0,0,0,0,0,0,0,0,0,0,0
CIR/MELFI,Physical Science/Multipurpose,Furnace/Refrigeration,0.000806452,0.000856164,0,0,0,0,0,0,0,0,0,0,0,0,0,0
CB/EXPRESS Rack,Multipurpose/Multipurpose,Glovebox/General science,0.000806452,0.000856164,0,0.000723066,0,0,0,0,0,0,0,0,0,0,0,0
CGBA/MELFI,Biology and Biotechnology/Multipurpose,Biology/Refrigeration,0.000806452,0.002568493,0.002553191,0,0,0.006276151,0,0,0,0,0,0,0,0,0,0
ELC/MELFI,Earth and Space Science/Multipurpose,External payloads/Refrigeration,0.000806452,0.000856164,0,0,0,0,0,0,0,0,0,0,0,0,0,0
ELC/MDS,Earth and Space Science/Biology and Biotechnology,External payloads/Biology,0.000806452,0,0,0,0,0,0,0,0,0,0,0,0,0,0,0
CB/MDS,Multipurpose/Biology and Biotechnology,Glovebox/Biology,0.000806452,0,0,0.001446132,0,0,0,0,0,0,0,0,0,0,0,0
IPU/MWA,Multipurpose/Multipurpose,Image processing/Maintenance,0.000806452,0.002568493,0.002553191,0.000723066,0,0,0,0,0,0,0,0,0,0,0,0
EPM/Portable Pulmonary Function System,Human Research/Human Research,Crew health/Crew health,0.000806452,0,0.000851064,0,0,0,0,0,0,0,0,0,0.001517451,0.00154321,0.001540832,0
MELFI/MSRR-1,Multipurpose/Physical Science,Refrigeration/Materials,0.000806452,0,0,0,0,0,0,0,0,0,0,0,0,0,0,0
ELC/MERLIN,Earth and Space Science/Biology and Biotechnology,External payloads/Refrigeration,0.000806452,0.000856164,0.001702128,0,0.017291066,0,0,0,0,0,0,0,0,0,0,0
MELFI/PGB,Multipurpose/Multipurpose,Refrigeration/Glovebox,0.000806452,0.000856164,0,0,0,0,0,0,0,0,0,0,0,0,0,0
EPM/PCBA,Human Research/Human Research,Crew health/Crew health,0.000806452,0.000856164,0.000851064,0.000723066,0,0,0,0,0,0,0,0,0,0,0,0
FIR/MSRR-1,Physical Science/Physical Science,Fluids/Materials,0.000806452,0,0,0,0,0,0,0,0,0,0,0,0,0,0,0
Portable Pulmonary Function System/RC,Human Research/Human Research,Crew health/Centrifuge,0.000806452,0,0,0,0,0,0,0,0,0,0,0,0,0,0,0
ELC/GLACIER,Earth and Space Science/Multipurpose,External payloads/Refrigeration,0.000806452,0.000856164,0,0.001446132,0.011527378,0,0,0,0,0,0,0,0,0,0,0
GLACIER/MDS,Multipurpose/Biology and Biotechnology,Refrigeration/Biology,0.000806452,0,0,0,0,0,0,0,0,0,0,0,0,0,0,0
CB/MERLIN,Multipurpose/Biology and Biotechnology,Glovebox/Refrigeration,0.000806452,0.000856164,0.000851064,0,0,0.006276151,0,0,0.001610306,0,0.001805054,0.004357298,0.001517451,0,0,0.003278689
EDR/EPM,Multipurpose/Human Research,General science/Crew health,0,0.005993151,0.002553191,0,0,0,0,0,0,0,0,0,0,0,0,0
Holter/SLAMMD,Human Research/Human Research,Crew health/General science,0,0.005136986,0,0,0,0,0,0,0,0,0,0,0,0,0,0
EMCS/MELFI,Biology and Biotechnology/Multipurpose,Plant/Refrigeration,0,0.004280822,0.000851064,0.000723066,0.011527378,0.008368201,0,0.003521127,0.001610306,0.004878049,0,0,0,0,0,0
MARES/WORF,Human Research/Earth and Space Science,Crew health/Earth observation,0,0.004280822,0,0,0,0,0,0,0,0,0,0,0,0,0,0
EMCS/MWA,Biology and Biotechnology/Multipurpose,Plant/Maintenance,0,0.004280822,0.000851064,0,0.005763689,0.008368201,0,0,0,0.003252033,0,0,0,0,0,0
HRF-1/Ultrasound,Multipurpose/Human Research,Crew health/Crew health,0,0.003424658,0.000851064,0.001446132,0,0,0,0,0,0,0,0,0,0,0,0
MELFI/WORF,Multipurpose/Earth and Space Science,Refrigeration/Earth observation,0,0.003424658,0.000851064,0,0,0,0,0,0,0,0,0,0,0,0,0
IPU/MSG,Multipurpose/Multipurpose,Image processing/Glovebox,0,0.002568493,0,0,0,0,0,0,0,0,0,0,0,0,0,0
EPM/Ultrasound,Human Research/Human Research,Crew health/Crew health,0,0.002568493,0.001702128,0,0,0,0,0.001760563,0,0,0,0,0,0,0,0
ALTEA/MELFI,Human Research/Multipurpose,Crew health/Refrigeration,0,0.002568493,0,0,0,0,0,0,0,0,0,0,0,0,0,0
MARES/MELFI,Human Research/Multipurpose,Crew health/Refrigeration,0,0.002568493,0,0,0,0,0,0,0,0,0,0,0,0,0,0
CGBA/CIR,Biology and Biotechnology/Physical Science,Biology/Furnace,0,0.002568493,0,0,0,0,0,0,0,0,0,0,0,0,0,0
ABRS/ELC,Biology and Biotechnology/Earth and Space Science,Plant/External payloads,0,0.001712329,0,0,0,0,0,0,0,0,0,0,0,0,0,0
CGBA/TEPC,Biology and Biotechnology/Human Research,Biology/Crew health,0,0.001712329,0,0,0,0,0,0,0,0,0,0,0,0,0,0
ALTEA/UMS,Human Research/Human Research,Crew health/Crew health,0,0.001712329,0,0,0,0,0,0,0,0,0,0,0,0,0,0
MELFI/TEPC,Multipurpose/Human Research,Refrigeration/Crew health,0,0.001712329,0,0,0,0,0,0,0,0,0,0,0,0,0,0
ELC/RC,Earth and Space Science/Human Research,External payloads/Centrifuge,0,0.001712329,0.000851064,0,0,0,0,0,0,0,0,0,0,0,0,0
CBEF/MSG,Biology and Biotechnology/Multipurpose,Centrifuge/Glovebox,0,0.001712329,0,0,0,0,0.002016129,0,0,0,0,0,0,0,0,0
CBEF/GLACIER,Biology and Biotechnology/Multipurpose,Centrifuge/Refrigeration,0,0.001712329,0,0,0,0.00209205,0,0,0,0,0,0,0,0,0,0
ETC/FSL,Multipurpose/Physical Science,Stowage/Fluids,0,0.001712329,0,0,0,0,0,0,0,0,0,0,0,0,0,0
CGBA/PCBA,Biology and Biotechnology/Human Research,Biology/Crew health,0,0.001712329,0,0,0,0,0,0,0,0,0,0,0,0,0,0
MERLIN/PCBA,Biology and Biotechnology/Human Research,Refrigeration/Crew health,0,0.001712329,0,0,0,0,0,0,0,0,0,0,0,0,0,0
EDR/ETC,Multipurpose/Multipurpose,General science/Stowage,0,0.001712329,0,0,0,0,0,0,0,0,0,0.004357298,0,0,0,0
CGBA/PFS,Biology and Biotechnology/Human Research,Biology/Crew health,0,0.001712329,0.000851064,0,0,0,0,0,0,0,0,0,0,0,0,0
EDR/FSL,Multipurpose/Physical Science,General science/Fluids,0,0.001712329,0.000851064,0,0,0,0,0,0,0,0,0,0,0,0,0
EPM/FSL,Human Research/Physical Science,Crew health/Fluids,0,0.001712329,0.000851064,0,0,0,0,0,0,0,0,0,0,0,0,0
GLACIER/Portable Pulmonary Function System,Multipurpose/Human Research,Refrigeration/Crew health,0,0.000856164,0,0,0,0,0,0,0,0,0,0,0,0,0,0
GLACIER/PFS,Multipurpose/Human Research,Refrigeration/Crew health,0,0.000856164,0,0,0,0,0,0,0,0,0,0,0,0,0,0
ALTEA/GLACIER,Human Research/Multipurpose,Crew health/Refrigeration,0,0.000856164,0,0,0,0,0,0,0,0,0,0,0,0,0,0
EDR/GLACIER,Multipurpose/Multipurpose,General science/Refrigeration,0,0.000856164,0,0,0,0,0,0,0,0,0,0,0,0,0,0
MSG/PCBA,Multipurpose/Human Research,Glovebox/Crew health,0,0.000856164,0,0,0,0,0,0,0,0,0,0,0,0,0,0
FIR/PCBA,Physical Science/Human Research,Fluids/Crew health,0,0.000856164,0,0,0,0,0,0,0,0,0,0,0,0,0,0
CGBA/MWA,Biology and Biotechnology/Multipurpose,Biology/Maintenance,0,0.000856164,0,0,0,0,0,0,0,0,0,0,0,0,0,0
CBEF/Holter,Biology and Biotechnology/Human Research,Centrifuge/Crew health,0,0.000856164,0,0,0,0,0,0,0,0,0,0,0,0,0,0
CIR/MARES,Physical Science/Human Research,Furnace/Crew health,0,0.000856164,0,0,0,0,0,0,0,0,0,0,0,0,0,0
Kubik/MELFI,Multipurpose/Multipurpose,Incubator/Refrigeration,0,0.000856164,0.000851064,0,0,0,0.002016129,0.001760563,0.004830918,0.001626016,0,0,0,0,0,0
CGBA/Kubik,Biology and Biotechnology/Multipurpose,Biology/Incubator,0,0.000856164,0,0,0,0,0,0,0,0,0,0,0,0,0,0
EDR/Kubik,Multipurpose/Multipurpose,General science/Incubator,0,0.000856164,0.000851064,0,0,0,0.002016129,0,0,0,0.001805054,0,0,0,0,0
Kubik/TEPC,Multipurpose/Human Research,Incubator/Crew health,0,0.000856164,0,0,0,0,0,0,0,0,0,0,0,0,0,0
KFT/Kubik,Biology and Biotechnology/Multipurpose,Glovebox/Incubator,0,0.000856164,0,0,0,0,0,0,0,0,0,0,0,0,0,0
ELC/RAM,Earth and Space Science/Human Research,External payloads/Crew health,0,0.000856164,0,0,0,0,0,0.001760563,0.00805153,0.003252033,0.005415162,0,0.001517451,0.00154321,0,0.009836066
EXPRESS Rack/GN2,Multipurpose/Multipurpose,General science/General science,0,0.000856164,0.000851064,0,0,0,0,0,0,0.001626016,0,0,0,0,0,0
EMCS/GN2,Biology and Biotechnology/Multipurpose,Plant/General science,0,0.000856164,0.000851064,0,0,0,0,0,0,0,0,0,0,0,0,0
BioLab/MELFI,Multipurpose/Multipurpose,Biology/Refrigeration,0,0.000856164,0,0,0,0,0,0,0,0.001626016,0,0,0,0,0,0
ABRS/MERLIN,Biology and Biotechnology/Biology and Biotechnology,Plant/Refrigeration,0,0.000856164,0,0,0,0,0,0,0,0,0,0,0,0,0,0
Ryutai/Saibo,Multipurpose/Multipurpose,General science/Biology,0,0.000856164,0,0.000723066,0,0,0,0,0,0,0,0,0,0,0,0
Double Coldbag/Saibo,Multipurpose/Multipurpose,Refrigeration/Biology,0,0.000856164,0,0,0,0,0,0,0,0,0,0,0,0,0,0
BSTC/EXPRESS Rack,Biology and Biotechnology/Multipurpose,Biology/General science,0,0.000856164,0,0,0,0,0,0,0,0,0,0,0,0,0,0
FIR/SCOF,Physical Science/Biology and Biotechnology,Fluids/Microscope,0,0.000856164,0,0,0,0,0,0,0,0,0,0,0,0,0,0
DECLIC/MSL,Physical Science/Physical Science,Fluids/Furnace,0,0.000856164,0,0,0,0,0,0,0,0,0,0,0,0,0,0
PCBA/Ultrasound,Human Research/Human Research,Crew health/Crew health,0,0.000856164,0,0,0,0,0,0,0,0,0,0,0,0,0,0
GLACIER/Saibo,Multipurpose/Multipurpose,Refrigeration/Biology,0,0.000856164,0,0,0,0.00209205,0,0,0,0,0,0,0,0,0,0
CIR/SLAMMD,Physical Science/Human Research,Furnace/General science,0,0.000856164,0,0,0,0,0,0,0,0,0,0,0,0,0,0
CGBA/KFT,Biology and Biotechnology/Biology and Biotechnology,Biology/Glovebox,0,0.000856164,0,0,0,0,0,0,0,0,0,0,0,0,0,0
EDR/KFT,Multipurpose/Biology and Biotechnology,General science/Glovebox,0,0.000856164,0,0,0,0,0,0,0,0,0,0,0,0,0,0
KFT/TEPC,Biology and Biotechnology/Human Research,Glovebox/Crew health,0,0.000856164,0,0,0,0,0,0,0,0,0,0,0,0,0,0
Actiwatch/CIR,Human Research/Physical Science,Crew health/Furnace,0,0.000856164,0,0,0,0,0,0,0,0,0,0,0,0,0,0
CBEF/MERLIN,Biology and Biotechnology/Biology and Biotechnology,Centrifuge/Refrigeration,0,0.000856164,0,0,0,0,0.008064516,0,0,0,0,0,0,0,0,0
CIR/MERLIN,Physical Science/Biology and Biotechnology,Furnace/Refrigeration,0,0.000856164,0,0,0,0,0,0,0,0,0,0,0,0,0,0
FIR/MERLIN,Physical Science/Biology and Biotechnology,Fluids/Refrigeration,0,0.000856164,0,0,0,0,0,0,0.003220612,0.001626016,0,0,0,0,0,0
CGBA/MERLIN,Biology and Biotechnology/Biology and Biotechnology,Biology/Refrigeration,0,0.000856164,0,0,0,0.006276151,0,0,0,0,0,0,0,0,0,0
EDR/MELFI,Multipurpose/Multipurpose,General science/Refrigeration,0,0.000856164,0.000851064,0,0,0,0,0,0,0,0,0,0,0,0,0
CGBA/EDR,Biology and Biotechnology/Multipurpose,Biology/General science,0,0.000856164,0.000851064,0,0,0,0,0,0,0,0,0,0,0,0,0
CB/CGBA,Multipurpose/Biology and Biotechnology,Glovebox/Biology,0,0.000856164,0,0,0,0.0041841,0,0,0,0,0,0,0,0,0,0
MERLIN/MSG,Biology and Biotechnology/Multipurpose,Refrigeration/Glovebox,0,0.000856164,0,0,0,0,0,0,0.006441224,0,0,0,0,0,0,0
CGBA/Portable Pulmonary Function System,Biology and Biotechnology/Human Research,Biology/Crew health,0,0.000856164,0.000851064,0,0,0,0,0,0,0,0,0,0,0,0,0
EMCS/EXPRESS Rack,Biology and Biotechnology/Multipurpose,Plant/General science,0,0.000856164,0.003404255,0.001446132,0.002881844,0,0,0.003521127,0,0.001626016,0,0,0,0,0,0
CB/RC,Multipurpose/Human Research,Glovebox/Centrifuge,0,0.000856164,0.000851064,0,0,0,0,0,0,0,0,0,0,0,0,0
EXPRESS Rack/MARES,Multipurpose/Human Research,General science/Crew health,0,0.000856164,0,0,0,0,0,0,0,0,0,0,0,0,0,0
MARES/MSG,Human Research/Multipurpose,Crew health/Glovebox,0,0.000856164,0,0,0,0,0,0,0,0,0,0,0,0,0,0
CIR/LMM,Physical Science/Multipurpose,Furnace/Microscope,0,0.000856164,0.003404255,0,0,0,0,0,0,0,0,0,0,0,0,0
Actiwatch/MSG,Human Research/Multipurpose,Crew health/Glovebox,0,0.000856164,0,0,0,0,0,0,0,0,0,0,0,0,0,0
MARES/MERLIN,Human Research/Biology and Biotechnology,Crew health/Refrigeration,0,0.000856164,0,0,0,0,0,0,0,0,0,0,0,0,0,0
EDR/TEPC,Multipurpose/Human Research,General science/Crew health,0,0.000856164,0,0,0,0,0,0,0,0,0,0,0,0,0,0
MERLIN/TEPC,Biology and Biotechnology/Human Research,Refrigeration/Crew health,0,0.000856164,0,0,0,0,0,0,0,0,0,0,0,0,0,0
PCBA/TEPC,Human Research/Human Research,Crew health/Crew health,0,0.000856164,0,0,0,0,0,0,0,0,0,0,0,0,0,0
EXPRESS Rack/TEPC,Multipurpose/Human Research,General science/Crew health,0,0.000856164,0,0,0,0,0,0,0,0,0,0,0,0,0,0
CIR/TEPC,Physical Science/Human Research,Furnace/Crew health,0,0.000856164,0,0,0,0,0,0,0,0,0,0,0,0,0,0
FIR/TEPC,Physical Science/Human Research,Fluids/Crew health,0,0.000856164,0,0,0,0,0,0,0,0,0,0,0,0,0,0
MELFI/PCRF,Multipurpose/Biology and Biotechnology,Refrigeration/Biology,0,0.000856164,0,0,0,0,0,0,0,0,0,0,0,0,0,0
MSG/PCRF,Multipurpose/Biology and Biotechnology,Glovebox/Biology,0,0.000856164,0,0,0,0,0,0,0,0,0,0,0,0,0,0
CBEF/PCRF,Biology and Biotechnology/Biology and Biotechnology,Centrifuge/Biology,0,0.000856164,0,0.000723066,0,0.00209205,0,0.001760563,0.001610306,0,0,0,0,0,0,0
CB/ETC,Multipurpose/Multipurpose,Glovebox/Stowage,0,0.000856164,0,0,0,0,0,0,0,0,0,0,0,0,0,0
CB/CIR,Multipurpose/Physical Science,Glovebox/Furnace,0,0.000856164,0,0,0,0,0,0,0,0,0,0,0,0,0,0
ELC/UMS,Earth and Space Science/Human Research,External payloads/Crew health,0,0.000856164,0,0,0,0,0,0,0,0,0,0,0,0,0,0
ELC/MSG,Earth and Space Science/Multipurpose,External payloads/Glovebox,0,0.000856164,0,0,0,0,0,0,0,0,0,0,0,0,0,0
IPU/MELFI,Multipurpose/Multipurpose,Image processing/Refrigeration,0,0.000856164,0,0,0,0,0,0,0,0,0,0,0,0,0,0
CB/IPU,Multipurpose/Multipurpose,Glovebox/Image processing,0,0.000856164,0,0,0,0,0,0,0,0,0,0,0,0,0,0
FIR/IPU,Physical Science/Multipurpose,Fluids/Image processing,0,0.000856164,0,0,0,0,0,0,0,0,0,0,0,0,0,0
EXPRESS Rack/MWA,Multipurpose/Multipurpose,General science/Maintenance,0,0.000856164,0,0.000723066,0,0,0,0,0,0,0,0,0.001517451,0,0,0
CBEF/Double Coldbag,Biology and Biotechnology/Multipurpose,Centrifuge/Refrigeration,0,0.000856164,0,0,0,0,0,0,0,0,0,0,0,0,0,0
CIR/MWA,Physical Science/Multipurpose,Furnace/Maintenance,0,0.000856164,0.004255319,0.002169197,0.002881844,0.012552301,0.012096774,0.003521127,0.001610306,0,0,0,0,0,0,0
CIR/FPEF,Physical Science/Physical Science,Furnace/Fluids,0,0.000856164,0.000851064,0,0,0,0,0,0,0,0,0,0,0,0,0
FIR/FPEF,Physical Science/Physical Science,Fluids/Fluids,0,0.000856164,0,0,0,0,0,0,0,0,0,0,0,0,0,0
FIR/FSL,Physical Science/Physical Science,Fluids/Fluids,0,0.000856164,0,0,0,0,0,0,0,0,0,0,0,0,0,0
FPEF/FSL,Physical Science/Physical Science,Fluids/Fluids,0,0.000856164,0,0,0,0,0,0,0,0,0,0,0,0,0,0
CGBA/UMS,Biology and Biotechnology/Human Research,Biology/Crew health,0,0.000856164,0,0,0,0,0,0,0,0,0,0,0,0,0,0
CGBA/FIR,Biology and Biotechnology/Physical Science,Biology/Fluids,0,0.000856164,0,0,0,0,0,0,0,0,0,0,0,0,0,0
EXPRESS Rack/Holter,Multipurpose/Human Research,General science/Crew health,0,0.000856164,0.001702128,0,0,0,0,0,0,0,0,0,0,0,0,0
PFS/WORF,Human Research/Earth and Space Science,Crew health/Earth observation,0,0.000856164,0,0,0,0,0,0,0,0,0,0,0.001517451,0,0,0
MSG/WORF,Multipurpose/Earth and Space Science,Glovebox/Earth observation,0,0.000856164,0,0,0,0,0,0,0,0,0,0,0,0,0,0
IPU/WORF,Multipurpose/Earth and Space Science,Image processing/Earth observation,0,0.000856164,0,0,0,0,0,0,0,0,0,0,0,0,0,0
CB/UMS,Multipurpose/Human Research,Glovebox/Crew health,0,0.000856164,0.000851064,0,0,0,0,0,0,0,0,0,0,0,0,0
IPU/UMS,Multipurpose/Human Research,Image processing/Crew health,0,0.000856164,0,0,0,0,0,0,0,0,0,0,0,0,0,0
ALTEA/MERLIN,Human Research/Biology and Biotechnology,Crew health/Refrigeration,0,0.000856164,0,0,0,0,0,0,0,0,0,0,0,0,0,0
ALTEA/PCBA,Human Research/Human Research,Crew health/Crew health,0,0.000856164,0,0,0,0,0,0,0,0,0,0,0,0,0,0
ALTEA/TEPC,Human Research/Human Research,Crew health/Crew health,0,0.000856164,0,0,0,0,0,0,0,0,0,0,0,0,0,0
ALTEA/PFS,Human Research/Human Research,Crew health/Crew health,0,0.000856164,0,0,0,0,0,0,0,0,0,0,0,0,0,0
ALTEA/Portable Pulmonary Function System,Human Research/Human Research,Crew health/Crew health,0,0.000856164,0,0,0,0,0,0,0,0,0,0,0,0,0,0
ALTEA/MSG,Human Research/Multipurpose,Crew health/Glovebox,0,0.000856164,0.000851064,0,0,0,0,0,0,0,0,0,0,0,0,0
ALTEA/CBEF,Human Research/Biology and Biotechnology,Crew health/Centrifuge,0,0.000856164,0,0,0,0,0,0,0,0,0,0,0,0,0,0
ALTEA/CB,Human Research/Multipurpose,Crew health/Glovebox,0,0.000856164,0,0,0,0,0,0,0,0,0,0,0,0,0,0
CGBA/Holter,Biology and Biotechnology/Human Research,Biology/Crew health,0,0.000856164,0.000851064,0,0,0,0,0,0,0,0,0,0,0,0,0
EXPRESS Rack/MSL,Multipurpose/Physical Science,General science/Furnace,0,0.000856164,0.000851064,0,0,0,0,0,0,0,0,0,0,0,0,0
MELFI/MSL,Multipurpose/Physical Science,Refrigeration/Furnace,0,0.000856164,0,0,0,0,0,0,0,0,0,0,0,0,0,0
BXF/MSG,Physical Science/Multipurpose,Combustion/Glovebox,0,0,0.014468085,0,0,0,0,0,0,0,0,0,0,0,0,0
Actiwatch Spectrum/Holter Monitor 2,Human Research/Human Research,Crew health/Crew health,0,0,0.005957447,0.030368764,0.005763689,0,0,0,0,0,0,0,0,0,0,0
CGBA/Plant Habitat,Biology and Biotechnology/Biology and Biotechnology,Biology/Plant,0,0,0.005106383,0,0,0,0,0,0,0,0,0,0,0,0,0
Actiwatch/Actiwatch Spectrum,Human Research/Human Research,Crew health/Crew health,0,0,0.004255319,0.026753435,0,0.008368201,0.008064516,0.00528169,0,0.001626016,0.001805054,0,0,0,0,0
EXPRESS Rack/FSL,Multipurpose/Physical Science,General science/Fluids,0,0,0.003404255,0,0,0,0,0,0,0,0,0,0,0,0,0
Actiwatch Spectrum/EPM,Human Research/Human Research,Crew health/Crew health,0,0,0.003404255,0.024584237,0,0,0,0,0,0,0,0,0,0,0,0
Actiwatch/Spectrum,Human Research/Multipurpose,Crew health/Biology,0,0,0.002553191,0.001446132,0,0,0,0,0,0,0,0,0.001517451,0,0,0
CGBA/WORF,Biology and Biotechnology/Earth and Space Science,Biology/Earth observation,0,0,0.002553191,0,0,0,0,0,0,0,0,0,0,0,0,0
HRF-1/Ultrasound 2,Multipurpose/Human Research,Crew health/Crew health,0,0,0.002553191,0.002169197,0,0,0,0,0,0,0,0,0,0,0,0
MERLIN/PFS,Biology and Biotechnology/Human Research,Refrigeration/Crew health,0,0,0.001702128,0,0,0,0,0,0,0,0,0,0,0,0,0
MERLIN/Portable Pulmonary Function System,Biology and Biotechnology/Human Research,Refrigeration/Crew health,0,0,0.001702128,0,0,0,0,0,0,0,0,0,0,0,0,0
MARES/SLAMMD,Human Research/Human Research,Crew health/General science,0,0,0.001702128,0,0,0,0,0,0,0,0,0,0,0,0,0
LMM/MWA,Multipurpose/Multipurpose,Microscope/Maintenance,0,0,0.001702128,0,0,0,0.002016129,0,0,0,0,0,0,0,0,0
EPM/MARES,Human Research/Human Research,Crew health/Crew health,0,0,0.001702128,0.002892263,0,0.00209205,0.004032258,0,0.001610306,0,0,0,0,0,0,0
Ultrasound/Ultrasound 2,Human Research/Human Research,Crew health/Crew health,0,0,0.001702128,0.019522777,0.014409222,0.00209205,0.008064516,0.022887324,0.009661836,0,0.001805054,0.002178649,0,0.00154321,0.003081664,0
Holter Monitor 2/Ultrasound 2,Human Research/Human Research,Crew health/Crew health,0,0,0.001702128,0.016630513,0,0,0,0,0,0,0,0,0,0,0,0
HRF-2/Ultrasound 2,Multipurpose/Human Research,Crew health/Crew health,0,0,0.001702128,0,0,0,0,0,0,0,0,0,0,0,0,0
Actiwatch/HRF-2,Human Research/Multipurpose,Crew health/Crew health,0,0,0.001702128,0,0,0,0,0,0,0,0,0,0.001517451,0,0,0
ELC/EMCS,Earth and Space Science/Biology and Biotechnology,External payloads/Plant,0,0,0.001702128,0,0.002881844,0,0,0.00528169,0,0,0,0,0,0,0,0
Actiwatch Spectrum/Ultrasound 2,Human Research/Human Research,Crew health/Crew health,0,0,0.001702128,0.016630513,0,0,0,0,0,0,0,0,0,0,0,0
CGBA/FSL,Biology and Biotechnology/Physical Science,Biology/Fluids,0,0,0.001702128,0,0,0,0,0,0,0,0,0,0,0,0,0
Actiwatch Spectrum/Ultrasound,Human Research/Human Research,Crew health/Crew health,0,0,0.001702128,0.016630513,0,0,0,0,0,0,0,0,0,0,0,0
Holter Monitor 2/Ultrasound,Human Research/Human Research,Crew health/Crew health,0,0,0.001702128,0.016630513,0,0,0,0,0,0,0,0,0,0,0,0
HRF-1/HRF-2,Multipurpose/Multipurpose,Crew health/Crew health,0,0,0.001702128,0,0,0,0,0,0,0.001626016,0,0,0,0,0,0
CB/PFS,Multipurpose/Human Research,Glovebox/Crew health,0,0,0.000851064,0,0,0,0,0,0,0,0,0,0,0,0,0
MERLIN/SPHERES,Biology and Biotechnology/Technology Development and Demonstration,Refrigeration/Robotics,0,0,0.000851064,0,0,0,0,0,0,0,0,0,0,0,0,0
EXPRESS Rack/SPHERES,Multipurpose/Technology Development and Demonstration,General science/Robotics,0,0,0.000851064,0.001446132,0,0,0,0,0,0,0,0,0,0,0,0
FIR/Ultrasound,Physical Science/Human Research,Fluids/Crew health,0,0,0.000851064,0,0,0,0,0,0,0,0,0,0,0,0,0
Solar/TEPC,Earth and Space Science/Human Research,Astronomy/Crew health,0,0,0.000851064,0,0,0,0,0,0,0,0,0,0,0,0,0
MSL/TEPC,Physical Science/Human Research,Furnace/Crew health,0,0,0.000851064,0,0,0,0,0,0,0,0,0,0,0,0,0
FSL/Ultrasound 2,Physical Science/Human Research,Fluids/Crew health,0,0,0.000851064,0,0,0,0,0,0,0,0,0,0,0,0,0
SLAMMD/Ultrasound 2,Human Research/Human Research,General science/Crew health,0,0,0.000851064,0,0,0,0,0,0,0,0,0,0,0,0,0
Ultrasound 2/WORF,Human Research/Earth and Space Science,Crew health/Earth observation,0,0,0.000851064,0,0,0,0,0,0,0,0,0,0,0,0,0
CGBA/Ultrasound 2,Biology and Biotechnology/Human Research,Biology/Crew health,0,0,0.000851064,0,0,0,0,0,0,0,0,0,0,0,0,0
EXPRESS Rack/Ultrasound 2,Multipurpose/Human Research,General science/Crew health,0,0,0.000851064,0.000723066,0,0,0,0,0,0,0,0,0,0,0,0
Actiwatch/MELFI,Human Research/Multipurpose,Crew health/Refrigeration,0,0,0.000851064,0,0,0,0,0,0.001610306,0,0,0,0,0,0,0
GASMAP/HRF-2,None/Multipurpose,Crew health/Crew health,0,0,0.000851064,0,0,0,0,0,0,0,0,0,0,0,0,0
CIR/WORF,Physical Science/Earth and Space Science,Furnace/Earth observation,0,0,0.000851064,0.000723066,0,0,0,0,0,0,0,0,0,0,0,0
EDR/EXPRESS Rack,Multipurpose/Multipurpose,General science/General science,0,0,0.000851064,0,0,0,0,0,0,0,0,0,0,0,0,0
EDR/MSG,Multipurpose/Multipurpose,General science/Glovebox,0,0,0.000851064,0,0,0,0,0,0,0,0,0,0,0,0,0
Actiwatch Spectrum/Holter,Human Research/Human Research,Crew health/Crew health,0,0,0.000851064,0.006507592,0.002881844,0.0041841,0.004032258,0.00528169,0,0,0,0,0,0,0,0
MSG/PFS,Multipurpose/Human Research,Glovebox/Crew health,0,0,0.000851064,0,0,0,0,0,0,0,0,0,0,0,0,0
LSG/MELFI,Multipurpose/Multipurpose,Glovebox/Refrigeration,0,0,0.000851064,0,0,0,0,0,0,0,0,0,0,0,0,0
LSG/MWA,Multipurpose/Multipurpose,Glovebox/Maintenance,0,0,0.000851064,0,0,0,0,0,0,0,0,0,0,0,0,0
EMCS/LSG,Biology and Biotechnology/Multipurpose,Plant/Glovebox,0,0,0.000851064,0,0,0,0,0,0,0,0,0,0,0,0,0
EXPRESS Rack/FPEF,Multipurpose/Physical Science,General science/Fluids,0,0,0.000851064,0,0,0,0,0,0,0,0,0,0,0,0,0
MSG/Portable Pulmonary Function System,Multipurpose/Human Research,Glovebox/Crew health,0,0,0.000851064,0,0,0,0,0,0,0,0,0,0,0,0,0
Plant Habitat/WORF,Biology and Biotechnology/Earth and Space Science,Plant/Earth observation,0,0,0.000851064,0,0,0,0,0,0,0,0,0,0,0,0,0
BXF/Solar,Physical Science/Earth and Space Science,Combustion/Astronomy,0,0,0.000851064,0,0,0,0,0,0,0,0,0,0,0,0,0
PCBA/RAM,Human Research/Human Research,Crew health/Crew health,0,0,0.000851064,0,0,0,0,0,0,0,0,0,0,0,0,0
MELFI/RAM,Multipurpose/Human Research,Refrigeration/Crew health,0,0,0.000851064,0,0,0,0,0,0,0,0,0,0,0,0,0
CB/MWA,Multipurpose/Multipurpose,Glovebox/Maintenance,0,0,0.000851064,0,0,0,0,0,0,0,0,0,0,0,0,0
ELC/Plant Habitat,Earth and Space Science/Biology and Biotechnology,External payloads/Plant,0,0,0.000851064,0,0,0,0,0,0,0,0,0,0,0,0,0
ELC/WORF,Earth and Space Science/Earth and Space Science,External payloads/Earth observation,0,0,0.000851064,0,0.005763689,0,0,0,0,0,0,0,0,0,0,0
MSL/PFS,Physical Science/Human Research,Furnace/Crew health,0,0,0.000851064,0,0,0,0,0,0,0,0,0,0,0,0,0
Holter/MSL,Human Research/Physical Science,Crew health/Furnace,0,0,0.000851064,0,0,0,0,0,0,0,0,0,0,0,0,0
MSRR-1/PFS,Physical Science/Human Research,Materials/Crew health,0,0,0.000851064,0,0,0,0,0,0,0,0,0,0,0,0,0
Holter/MSRR-1,Human Research/Physical Science,Crew health/Materials,0,0,0.000851064,0,0,0,0,0,0,0,0,0,0,0,0,0
CGBA/ELC,Biology and Biotechnology/Earth and Space Science,Biology/External payloads,0,0,0.000851064,0,0,0,0,0,0,0,0,0,0,0,0,0
ELC/FPEF,Earth and Space Science/Physical Science,External payloads/Fluids,0,0,0.000851064,0,0,0,0,0,0,0,0,0,0,0,0,0
CGBA/EPM,Biology and Biotechnology/Human Research,Biology/Crew health,0,0,0.000851064,0,0,0,0,0,0,0,0,0,0,0,0,0
EDR/MERLIN,Multipurpose/Biology and Biotechnology,General science/Refrigeration,0,0,0.000851064,0,0,0,0,0,0,0,0,0,0,0,0,0
EPM/EXPRESS Rack,Human Research/Multipurpose,Crew health/General science,0,0,0.000851064,0,0,0,0,0,0,0,0,0,0,0,0,0
CB/ELC,Multipurpose/Earth and Space Science,Glovebox/External payloads,0,0,0.000851064,0,0,0,0,0,0,0,0,0,0,0,0,0
EXPRESS Rack/RC,Multipurpose/Human Research,General science/Centrifuge,0,0,0.000851064,0.002892263,0,0,0,0,0,0,0,0,0,0,0,0
MELFI/UMS,Multipurpose/Human Research,Refrigeration/Crew health,0,0,0.000851064,0,0,0,0,0,0,0,0,0,0,0,0,0
EXPRESS Rack/MSRR-1,Multipurpose/Physical Science,General science/Materials,0,0,0.000851064,0,0,0,0,0,0,0,0,0,0,0,0.001540832,0
Holter Monitor 2/Spectrum,Human Research/Multipurpose,Crew health/Biology,0,0,0.000851064,0,0,0,0,0,0,0,0,0,0.001517451,0,0,0
HRF-1/SLAMMD,Multipurpose/Human Research,Crew health/General science,0,0,0.000851064,0.005784526,0,0,0,0,0,0,0,0,0,0,0,0.003278689
SLAMMD/WORF,Human Research/Earth and Space Science,General science/Earth observation,0,0,0.000851064,0,0,0,0,0,0,0,0,0,0,0,0,0
HRF-2/Spectrum,Multipurpose/Multipurpose,Crew health/Biology,0,0,0.000851064,0,0,0,0,0,0,0,0,0,0,0,0,0
FSL/SLAMMD,Physical Science/Human Research,Fluids/General science,0,0,0.000851064,0,0,0,0,0,0,0,0,0,0,0,0,0
FSL/WORF,Physical Science/Earth and Space Science,Fluids/Earth observation,0,0,0.000851064,0,0,0,0,0,0,0,0,0,0,0,0,0
FSL/MERLIN,Physical Science/Biology and Biotechnology,Fluids/Refrigeration,0,0,0.000851064,0,0,0,0,0,0,0,0,0,0,0,0,0
FSL/MELFI,Physical Science/Multipurpose,Fluids/Refrigeration,0,0,0.000851064,0,0,0,0,0,0,0,0,0,0,0,0,0
Aquatic Habitat/MELFI,Biology and Biotechnology/Multipurpose,Biology/Refrigeration,0,0,0,0.010845987,0,0.00209205,0.002016129,0,0,0,0,0,0,0,0,0
MELFI/SALI,Multipurpose/Biology and Biotechnology,Refrigeration/Incubator,0,0,0,0.005784526,0,0,0,0,0,0,0,0,0,0,0.001540832,0
CB/GHF,Multipurpose/None,Glovebox/Furnace,0,0,0,0.005784526,0,0,0,0,0,0,0,0,0,0,0,0
GHF/MELFI,None/Multipurpose,Furnace/Refrigeration,0,0,0,0.003615329,0,0,0,0,0,0,0,0,0,0,0,0
Aquatic Habitat/MSPR,Biology and Biotechnology/Multipurpose,Biology/General science,0,0,0,0.003615329,0.005763689,0.010460251,0.002016129,0,0,0,0,0,0,0,0,0
CBEF/MSPR,Biology and Biotechnology/Multipurpose,Centrifuge/General science,0,0,0,0.003615329,0,0.010460251,0.002016129,0.00528169,0,0,0,0,0,0,0,0
IPU/MSPR,Multipurpose/Multipurpose,Image processing/General science,0,0,0,0.002169197,0,0,0,0.001760563,0,0,0,0,0,0,0,0
KFT/MSPR,Biology and Biotechnology/Multipurpose,Glovebox/General science,0,0,0,0.001446132,0,0,0,0,0,0,0,0,0,0,0,0
EXPRESS Rack/NanoRacks Plate Reader,Multipurpose/Multipurpose,General science/Biology,0,0,0,0.001446132,0,0,0,0,0,0,0,0,0,0,0,0
MSPR/Ryutai,Multipurpose/Multipurpose,General science/General science,0,0,0,0.001446132,0,0,0,0,0,0,0,0,0,0,0,0
Holter/Spectrum,Human Research/Multipurpose,Crew health/Biology,0,0,0,0.001446132,0,0,0,0,0,0,0,0,0,0,0,0
MWA/RC,Multipurpose/Human Research,Maintenance/Centrifuge,0,0,0,0.001446132,0,0,0.004032258,0,0,0,0,0,0,0,0,0
EPM/Ultrasound 2,Human Research/Human Research,Crew health/Crew health,0,0,0,0.001446132,0,0,0,0,0,0,0,0,0,0,0,0
MWA/SPHERES,Multipurpose/Technology Development and Demonstration,Maintenance/Robotics,0,0,0,0.001446132,0,0,0,0,0,0,0,0,0,0,0,0
MELFI/MSPR,Multipurpose/Multipurpose,Refrigeration/General science,0,0,0,0.001446132,0,0.008368201,0.002016129,0,0,0,0,0,0,0,0,0
ELC/ELITE-S2,Earth and Space Science/Human Research,External payloads/Human research,0,0,0,0.001446132,0,0,0,0,0,0,0,0,0,0,0,0
Actiwatch Spectrum/HRF-1,Human Research/Multipurpose,Crew health/Crew health,0,0,0,0.001446132,0,0,0,0,0,0,0,0,0,0,0,0
ELITE-S2/EXPRESS Rack,Human Research/Multipurpose,Human research/General science,0,0,0,0.001446132,0,0,0,0,0,0,0,0,0,0,0,0
HRF-1/Holter Monitor 2,Multipurpose/Human Research,Crew health/Crew health,0,0,0,0.001446132,0,0,0,0,0,0,0,0,0,0,0,0
FPEF/MSPR,Physical Science/Multipurpose,Fluids/General science,0,0,0,0.000723066,0,0,0,0,0,0,0,0,0,0,0,0
HRF-2/MWA,Multipurpose/Multipurpose,Crew health/Maintenance,0,0,0,0.000723066,0,0,0,0,0,0,0,0,0,0,0,0
ALTEA/CIR,Human Research/Physical Science,Crew health/Furnace,0,0,0,0.000723066,0,0,0,0,0,0,0,0,0,0,0,0
ALTEA/WORF,Human Research/Earth and Space Science,Crew health/Earth observation,0,0,0,0.000723066,0,0,0,0,0,0,0,0,0,0,0,0
EXPRESS Rack/Polar,Multipurpose/Multipurpose,General science/Refrigeration,0,0,0,0.000723066,0,0,0.004032258,0.00528169,0,0,0.001805054,0.002178649,0.001517451,0,0,0
IPU/Saibo,Multipurpose/Multipurpose,Image processing/Biology,0,0,0,0.000723066,0,0,0,0.001760563,0,0,0.001805054,0,0,0,0,0
MWA/PFS,Multipurpose/Human Research,Maintenance/Crew health,0,0,0,0.000723066,0,0,0,0,0,0,0,0,0,0,0,0
EMCS/SAMS-II,Biology and Biotechnology/Multipurpose,Plant/Physics,0,0,0,0.000723066,0,0,0,0,0,0,0,0,0,0,0,0
EMCS/GLACIER,Biology and Biotechnology/Multipurpose,Plant/Refrigeration,0,0,0,0.000723066,0,0,0,0,0,0,0,0,0,0,0,0
EXPRESS Rack/Holter Monitor 2,Multipurpose/Human Research,General science/Crew health,0,0,0,0.000723066,0,0,0,0,0,0,0,0,0,0,0,0
Actiwatch Spectrum/EXPRESS Rack,Human Research/Multipurpose,Crew health/General science,0,0,0,0.000723066,0,0,0,0,0,0,0,0,0,0,0,0
Actiwatch Spectrum/MELFI,Human Research/Multipurpose,Crew health/Refrigeration,0,0,0,0.000723066,0,0,0,0,0,0,0,0,0,0,0,0
DECLIC/MSG,Physical Science/Multipurpose,Fluids/Glovebox,0,0,0,0.000723066,0,0,0,0,0,0,0,0,0,0,0,0
DECLIC/ELC,Physical Science/Earth and Space Science,Fluids/External payloads,0,0,0,0.000723066,0,0,0,0,0,0,0,0,0,0,0,0
EXPRESS Rack/Ultrasound,Multipurpose/Human Research,General science/Crew health,0,0,0,0.000723066,0,0,0,0,0,0,0,0,0,0,0,0
MSG/MWA,Multipurpose/Multipurpose,Glovebox/Maintenance,0,0,0,0.000723066,0,0,0,0,0,0,0,0,0,0,0,0
Actiwatch Spectrum/Spectrum,Human Research/Multipurpose,Crew health/Biology,0,0,0,0.000723066,0,0,0,0,0,0,0,0,0,0,0,0
NanoRacks Plate Reader/Polar,Multipurpose/Multipurpose,Biology/Refrigeration,0,0,0,0.000723066,0,0,0,0,0,0,0,0,0,0,0,0
MWA/Solar,Multipurpose/Earth and Space Science,Maintenance/Astronomy,0,0,0,0.000723066,0,0,0,0,0,0,0,0,0,0,0,0
CB/KFT,Multipurpose/Biology and Biotechnology,Glovebox/Glovebox,0,0,0,0.000723066,0,0,0,0,0,0,0,0,0,0,0,0
GHF/KFT,None/Biology and Biotechnology,Furnace/Glovebox,0,0,0,0.000723066,0,0,0,0,0,0,0,0,0,0,0,0
Bioculture System/CB,Biology and Biotechnology/Multipurpose,Biology/Glovebox,0,0,0,0,0.011527378,0,0,0,0,0,0.001805054,0,0,0,0,0
Bioculture System/MELFI,Biology and Biotechnology/Multipurpose,Biology/Refrigeration,0,0,0,0,0.011527378,0,0,0,0,0.001626016,0,0,0,0,0,0
GN2/MSPR,Multipurpose/Multipurpose,General science/General science,0,0,0,0,0.005763689,0,0,0.001760563,0.001610306,0,0,0,0,0,0,0
ABRS/MDS,Biology and Biotechnology/Biology and Biotechnology,Plant/Biology,0,0,0,0,0.002881844,0,0,0,0,0,0,0,0,0,0,0
CB/NanoRacks Platforms,Multipurpose/Multipurpose,Glovebox/General science,0,0,0,0,0.002881844,0.00209205,0,0,0,0,0,0,0,0,0,0
BRIC/EXPRESS Rack,Biology and Biotechnology/Multipurpose,Biology/General science,0,0,0,0,0.002881844,0,0,0.001760563,0,0,0,0,0,0,0,0
ISERV/WORF,Earth and Space Science/Earth and Space Science,Earth observation/Earth observation,0,0,0,0,0.002881844,0.008368201,0,0,0,0,0,0,0,0,0,0
NanoRacks CubeSat Deployer/RC,Multipurpose/Human Research,Satellite deployer/Centrifuge,0,0,0,0,0,0.023012552,0.002016129,0.021126761,0.001610306,0.004878049,0.007220217,0.021786492,0.006069803,0.013888889,0.009244992,0.009836066
EDR/EML,Multipurpose/Physical Science,General science/Levitation,0,0,0,0,0,0.008368201,0,0.001760563,0.003220612,0.001626016,0,0,0,0.00617284,0.004622496,0.009836066
CGBA/GLACIER,Biology and Biotechnology/Multipurpose,Biology/Refrigeration,0,0,0,0,0,0.006276151,0,0,0,0,0,0,0,0,0,0
BioLab/EMCS,Multipurpose/Biology and Biotechnology,Biology/Plant,0,0,0,0,0,0.006276151,0,0,0,0,0,0,0,0,0,0
BRIC/MELFI,Biology and Biotechnology/Multipurpose,Biology/Refrigeration,0,0,0,0,0,0.006276151,0.004032258,0.003521127,0,0,0,0,0,0,0.001540832,0.003278689
MSPR/MWA,Multipurpose/Multipurpose,General science/Maintenance,0,0,0,0,0,0.0041841,0,0,0,0,0,0,0,0,0,0
BioLab/MWA,Multipurpose/Multipurpose,Biology/Maintenance,0,0,0,0,0,0.0041841,0,0,0,0,0,0,0,0,0,0
MSG/Rodent Research,Multipurpose/Biology and Biotechnology,Glovebox/Biology,0,0,0,0,0,0.0041841,0.016129032,0.019366197,0.017713366,0.009756098,0,0,0,0.00154321,0,0
EXPRESS Rack/Rodent Research,Multipurpose/Biology and Biotechnology,General science/Biology,0,0,0,0,0,0.0041841,0,0.001760563,0.003220612,0,0,0,0,0,0,0
ELC/SCAN Testbed,Earth and Space Science/Technology Development and Demonstration,External payloads/Communication,0,0,0,0,0,0.00209205,0,0,0,0,0,0,0,0,0,0
KFT/MWA,Biology and Biotechnology/Multipurpose,Glovebox/Maintenance,0,0,0,0,0,0.00209205,0,0,0.001610306,0,0,0,0,0,0,0
MELFI/Polar,Multipurpose/Multipurpose,Refrigeration/Refrigeration,0,0,0,0,0,0.00209205,0.002016129,0.001760563,0.003220612,0.003252033,0.003610108,0.002178649,0,0,0.003081664,0
Bone Densitometer/EXPRESS Rack,Biology and Biotechnology/Multipurpose,Crew health/General science,0,0,0,0,0,0.00209205,0.002016129,0,0,0,0,0,0,0,0,0
Biotube/CGBA,Biology and Biotechnology/Biology and Biotechnology,Plant/Biology,0,0,0,0,0,0.00209205,0,0,0,0,0,0,0,0,0,0
Bone Densitometer/ELC,Biology and Biotechnology/Earth and Space Science,Crew health/External payloads,0,0,0,0,0,0.00209205,0,0,0,0,0,0,0,0,0,0
Bone Densitometer/Rodent Research,Biology and Biotechnology/Biology and Biotechnology,Crew health/Biology,0,0,0,0,0,0.00209205,0.014112903,0.003521127,0.00805153,0.003252033,0.001805054,0.004357298,0,0,0,0
MELFI/Veggie,Multipurpose/Biology and Biotechnology,Refrigeration/Plant,0,0,0,0,0,0.00209205,0.004032258,0.007042254,0.009661836,0.003252033,0,0,0,0,0,0
ELC/SPHERES,Earth and Space Science/Technology Development and Demonstration,External payloads/Robotics,0,0,0,0,0,0.00209205,0.002016129,0.00528169,0.004830918,0.001626016,0,0,0,0,0,0
FIR/MWA,Physical Science/Multipurpose,Fluids/Maintenance,0,0,0,0,0,0.00209205,0,0,0,0,0,0,0,0,0,0
Aquatic Habitat/MWA,Biology and Biotechnology/Multipurpose,Biology/Maintenance,0,0,0,0,0,0.00209205,0,0,0,0,0,0,0,0,0,0
Aquatic Habitat/IPU,Biology and Biotechnology/Multipurpose,Biology/Image processing,0,0,0,0,0,0.00209205,0,0,0,0,0,0,0,0,0,0
MELFI/Rodent Research,Multipurpose/Biology and Biotechnology,Refrigeration/Biology,0,0,0,0,0,0,0.012096774,0.001760563,0.004830918,0.019512195,0.001805054,0,0,0,0,0
Aquatic Habitat/CBEF,Biology and Biotechnology/Biology and Biotechnology,Biology/Centrifuge,0,0,0,0,0,0,0.008064516,0,0,0,0,0,0,0,0,0
MWA/Veggie,Multipurpose/Biology and Biotechnology,Maintenance/Plant,0,0,0,0,0,0,0.004032258,0.001760563,0.004830918,0,0,0,0,0,0,0
MSPR/MSPR-2,Multipurpose/Multipurpose,General science/General science,0,0,0,0,0,0,0.004032258,0,0,0,0,0,0,0,0,0
ABRS/Veggie,Biology and Biotechnology/Biology and Biotechnology,Plant/Plant,0,0,0,0,0,0,0.004032258,0,0.00805153,0,0,0,0,0,0,0
GLACIER/MWA,Multipurpose/Multipurpose,Refrigeration/Maintenance,0,0,0,0,0,0,0.004032258,0,0,0,0,0,0,0,0,0
GLACIER/Veggie,Multipurpose/Biology and Biotechnology,Refrigeration/Plant,0,0,0,0,0,0,0.004032258,0,0,0,0,0,0,0,0,0
ABRS/GLACIER,Biology and Biotechnology/Multipurpose,Plant/Refrigeration,0,0,0,0,0,0,0.004032258,0,0,0,0,0,0,0,0,0
Bone Densitometer/MELFI,Biology and Biotechnology/Multipurpose,Crew health/Refrigeration,0,0,0,0,0,0,0.004032258,0,0,0,0,0,0,0,0,0
LMM/Veggie,Multipurpose/Biology and Biotechnology,Microscope/Plant,0,0,0,0,0,0,0.004032258,0,0.001610306,0.003252033,0,0,0,0,0,0
PFS/Ultrasound 2,Human Research/Human Research,Crew health/Crew health,0,0,0,0,0,0,0.004032258,0.003521127,0,0,0,0,0,0,0,0
Bone Densitometer/MSG,Biology and Biotechnology/Multipurpose,Crew health/Glovebox,0,0,0,0,0,0,0.004032258,0,0.004830918,0,0,0,0,0,0,0
BRIC/CGBA,Biology and Biotechnology/Biology and Biotechnology,Biology/Biology,0,0,0,0,0,0,0.002016129,0,0,0,0,0,0,0,0,0
GLACIER/Polar,Multipurpose/Multipurpose,Refrigeration/Refrigeration,0,0,0,0,0,0,0.002016129,0,0.003220612,0,0.003610108,0,0.001517451,0,0,0
MELFI/Wet Lab Kit,Multipurpose/Multipurpose,Refrigeration/Biology,0,0,0,0,0,0,0.002016129,0,0,0,0,0,0,0,0,0
EXPRESS Rack/Wet Lab Kit,Multipurpose/Multipurpose,General science/Biology,0,0,0,0,0,0,0.002016129,0,0,0,0,0,0,0,0,0
Bone Densitometer/Wet Lab Kit,Biology and Biotechnology/Multipurpose,Crew health/Biology,0,0,0,0,0,0,0.002016129,0,0,0,0,0,0,0,0,0
CBPD/PFS,Human Research/Human Research,Crew health/Crew health,0,0,0,0,0,0,0.002016129,0,0,0,0,0,0,0,0,0
CB/RAM,Multipurpose/Human Research,Glovebox/Crew health,0,0,0,0,0,0,0.002016129,0,0,0,0,0,0,0,0,0
FROST/MSPR,Multipurpose/Multipurpose,Refrigeration/General science,0,0,0,0,0,0,0.002016129,0,0,0,0,0,0,0,0,0
ABRS/LMM,Biology and Biotechnology/Multipurpose,Plant/Microscope,0,0,0,0,0,0,0.002016129,0,0.003220612,0,0,0,0,0,0,0
CBEF/FROST,Biology and Biotechnology/Multipurpose,Centrifuge/Refrigeration,0,0,0,0,0,0,0.002016129,0,0,0,0,0,0,0,0,0
Fruit Fly Lab/MELFI,Biology and Biotechnology/Multipurpose,Biology/Refrigeration,0,0,0,0,0,0,0.002016129,0,0,0,0,0,0,0,0,0
Fruit Fly Lab/MWA,Biology and Biotechnology/Multipurpose,Biology/Maintenance,0,0,0,0,0,0,0.002016129,0,0,0,0,0,0,0,0,0
Portable Pulmonary Function System/Ultrasound,Human Research/Human Research,Crew health/Crew health,0,0,0,0,0,0,0.002016129,0.003521127,0,0,0,0,0,0,0,0
EML/EPM,Physical Science/Human Research,Levitation/Crew health,0,0,0,0,0,0,0.002016129,0,0,0,0,0,0,0,0,0
EMCS/Veggie,Biology and Biotechnology/Biology and Biotechnology,Plant/Plant,0,0,0,0,0,0,0.002016129,0,0,0,0,0,0,0,0,0
GLACIER/LMM,Multipurpose/Multipurpose,Refrigeration/Microscope,0,0,0,0,0,0,0.002016129,0,0,0,0,0,0,0,0,0
J-SSOD/RC,Multipurpose/Human Research,Satellite deployer/Centrifuge,0,0,0,0,0,0,0.002016129,0.001760563,0.001610306,0,0,0,0,0,0,0
ELF/MSPR,Physical Science/Multipurpose,Furnace/General science,0,0,0,0,0,0,0,0.021126761,0.00805153,0.001626016,0,0.002178649,0,0.009259259,0.01540832,0.019672131
Holter/Ultrasound,Human Research/Human Research,Crew health/Crew health,0,0,0,0,0,0,0,0.017605634,0.004830918,0,0,0,0,0.00154321,0,0
ETC/MSL,Multipurpose/Physical Science,Stowage/Furnace,0,0,0,0,0,0,0,0.007042254,0.004830918,0,0,0.008714597,0,0,0,0
CGBA/SABL,Biology and Biotechnology/Biology and Biotechnology,Biology/Incubator,0,0,0,0,0,0,0,0.007042254,0,0,0,0,0,0,0,0
MELFI/Ultrasound,Multipurpose/Human Research,Refrigeration/Crew health,0,0,0,0,0,0,0,0.00528169,0,0,0,0,0,0,0,0
EXPRESS Rack/SABL,Multipurpose/Biology and Biotechnology,General science/Incubator,0,0,0,0,0,0,0,0.00528169,0,0,0,0,0.001517451,0,0,0
Holter/Ultrasound 2,Human Research/Human Research,Crew health/Crew health,0,0,0,0,0,0,0,0.003521127,0,0,0,0,0,0,0,0
Rodent Research/Ultrasound 2,Biology and Biotechnology/Human Research,Biology/Crew health,0,0,0,0,0,0,0,0.003521127,0,0,0,0,0,0,0,0
MSG/SABL,Multipurpose/Biology and Biotechnology,Glovebox/Incubator,0,0,0,0,0,0,0,0.003521127,0.012882448,0.001626016,0,0,0,0.00462963,0,0
Bone Densitometer/Ultrasound 2,Biology and Biotechnology/Human Research,Crew health/Crew health,0,0,0,0,0,0,0,0.003521127,0,0,0,0,0,0,0,0
ELF/GN2,Physical Science/Multipurpose,Furnace/General science,0,0,0,0,0,0,0,0.003521127,0,0,0,0,0,0,0,0
Portable Pulmonary Function System/Ultrasound 2,Human Research/Human Research,Crew health/Crew health,0,0,0,0,0,0,0,0.003521127,0,0,0,0,0,0,0,0
JAXA Mouse Habitat Unit/Polar,Biology and Biotechnology/Multipurpose,Biology/Refrigeration,0,0,0,0,0,0,0,0.001760563,0,0,0,0,0,0,0,0
MELFI/NanoRacks Platforms,Multipurpose/Multipurpose,Refrigeration/General science,0,0,0,0,0,0,0,0.001760563,0,0,0,0,0,0,0,0
NanoRacks External Platform/NanoRacks Plate Reader,Multipurpose/Multipurpose,External payloads/Biology,0,0,0,0,0,0,0,0.001760563,0,0,0,0,0,0,0,0
CB/Polar,Multipurpose/Multipurpose,Glovebox/Refrigeration,0,0,0,0,0,0,0,0.001760563,0,0,0,0,0,0,0,0
Double Coldbag/Polar,Multipurpose/Multipurpose,Refrigeration/Refrigeration,0,0,0,0,0,0,0,0.001760563,0.001610306,0,0,0,0.003034901,0,0.001540832,0
Double Coldbag/SABL,Multipurpose/Biology and Biotechnology,Refrigeration/Incubator,0,0,0,0,0,0,0,0.001760563,0.003220612,0,0,0,0,0,0,0
MELFI/SABL,Multipurpose/Biology and Biotechnology,Refrigeration/Incubator,0,0,0,0,0,0,0,0.001760563,0.006441224,0.004878049,0,0.006535948,0,0.00462963,0.001540832,0
J-SSOD/NanoRacks CubeSat Deployer,Multipurpose/Multipurpose,Satellite deployer/Satellite deployer,0,0,0,0,0,0,0,0.001760563,0,0,0,0,0,0,0,0
MERLIN/SABL,Biology and Biotechnology/Biology and Biotechnology,Refrigeration/Incubator,0,0,0,0,0,0,0,0.001760563,0.00805153,0,0,0,0,0,0,0.003278689
NanoRacks External Platform/RC,Multipurpose/Human Research,External payloads/Centrifuge,0,0,0,0,0,0,0,0.001760563,0,0,0,0,0,0,0,0
JEM-EF/NanoRacks External Platform,Earth and Space Science/Multipurpose,External payloads/External payloads,0,0,0,0,0,0,0,0.001760563,0.004830918,0,0,0.002178649,0,0,0.001540832,0
MELFI/Wet Lab RNA SmartCycler,Multipurpose/Biology and Biotechnology,Refrigeration/Biology,0,0,0,0,0,0,0,0.001760563,0,0,0,0,0,0,0,0
FIR/RC,Physical Science/Human Research,Fluids/Centrifuge,0,0,0,0,0,0,0,0.001760563,0.001610306,0,0,0,0,0,0,0
CCE/MSPR,None/Multipurpose,Combustion/General science,0,0,0,0,0,0,0,0.001760563,0,0,0,0,0,0,0,0
LMM/MELFI,Multipurpose/Multipurpose,Microscope/Refrigeration,0,0,0,0,0,0,0,0,0.009661836,0.004878049,0.003610108,0,0,0,0,0
ADSEP/CellCult,Biology and Biotechnology/Biology and Biotechnology,Biology/Biology,0,0,0,0,0,0,0,0,0.009661836,0,0,0,0,0,0,0
CellCult/MELFI,Biology and Biotechnology/Multipurpose,Biology/Refrigeration,0,0,0,0,0,0,0,0,0.00805153,0,0,0,0,0,0,0
LMM/MERLIN,Multipurpose/Biology and Biotechnology,Microscope/Refrigeration,0,0,0,0,0,0,0,0,0.004830918,0.001626016,0,0,0,0,0,0
Bioculture System/MSG,Biology and Biotechnology/Multipurpose,Biology/Glovebox,0,0,0,0,0,0,0,0,0.004830918,0.001626016,0,0,0,0,0,0
GLACIER/SABL,Multipurpose/Biology and Biotechnology,Refrigeration/Incubator,0,0,0,0,0,0,0,0,0.004830918,0,0,0,0,0,0,0
TangoLab-1/TangoLab-2,Multipurpose/Multipurpose,General science/General science,0,0,0,0,0,0,0,0,0.003220612,0.001626016,0.001805054,0.006535948,0.001517451,0,0,0
FROST/GLACIER,Multipurpose/Multipurpose,Refrigeration/Refrigeration,0,0,0,0,0,0,0,0,0.003220612,0,0,0,0,0,0,0
FROST/SABL,Multipurpose/Biology and Biotechnology,Refrigeration/Incubator,0,0,0,0,0,0,0,0,0.003220612,0,0,0,0,0,0,0
RAM/Solar,Human Research/Earth and Space Science,Crew health/Astronomy,0,0,0,0,0,0,0,0,0.003220612,0,0,0.002178649,0,0,0,0.003278689
FROST/MELFI,Multipurpose/Multipurpose,Refrigeration/Refrigeration,0,0,0,0,0,0,0,0,0.003220612,0,0,0,0,0,0,0
ELC/MUSES,Earth and Space Science/Multipurpose,External payloads/Earth observation,0,0,0,0,0,0,0,0,0.003220612,0.001626016,0,0,0,0,0,0
EXPRESS Rack/TangoLab-1,Multipurpose/Multipurpose,General science/General science,0,0,0,0,0,0,0,0,0.003220612,0.003252033,0,0,0,0,0,0
GLACIER/MSG,Multipurpose/Multipurpose,Refrigeration/Glovebox,0,0,0,0,0,0,0,0,0.003220612,0,0,0,0,0,0,0
EDR/Plant Habitat,Multipurpose/Biology and Biotechnology,General science/Plant,0,0,0,0,0,0,0,0,0.003220612,0,0,0,0,0,0,0
ABRS/KFT,Biology and Biotechnology/Biology and Biotechnology,Plant/Glovebox,0,0,0,0,0,0,0,0,0.003220612,0,0,0,0,0,0,0
CB/SABL,Multipurpose/Biology and Biotechnology,Glovebox/Incubator,0,0,0,0,0,0,0,0,0.003220612,0,0,0,0,0,0,0.003278689
ADSEP/SABL,Biology and Biotechnology/Biology and Biotechnology,Biology/Incubator,0,0,0,0,0,0,0,0,0.003220612,0,0,0,0,0,0,0
CellCult/SABL,Biology and Biotechnology/Biology and Biotechnology,Biology/Incubator,0,0,0,0,0,0,0,0,0.003220612,0,0,0,0,0,0,0
CellCult/MSG,Biology and Biotechnology/Multipurpose,Biology/Glovebox,0,0,0,0,0,0,0,0,0.003220612,0,0,0,0,0,0,0
ADSEP/MELFI,Biology and Biotechnology/Multipurpose,Biology/Refrigeration,0,0,0,0,0,0,0,0,0.003220612,0,0,0,0,0,0,0
KFT/Veggie,Biology and Biotechnology/Biology and Biotechnology,Glovebox/Plant,0,0,0,0,0,0,0,0,0.001610306,0.001626016,0,0,0.001517451,0,0,0
KFT/LMM,Biology and Biotechnology/Multipurpose,Glovebox/Microscope,0,0,0,0,0,0,0,0,0.001610306,0,0,0,0,0,0,0
KFT/Solar,Biology and Biotechnology/Earth and Space Science,Glovebox/Astronomy,0,0,0,0,0,0,0,0,0.001610306,0,0,0,0,0,0,0
ABS/AMF,Biology and Biotechnology/Technology Development and Demonstration,Biology/3D printing,0,0,0,0,0,0,0,0,0.001610306,0,0,0,0,0,0,0
DECLIC/GLACIER,Physical Science/Multipurpose,Fluids/Refrigeration,0,0,0,0,0,0,0,0,0.001610306,0,0,0,0,0,0,0
Fruit Fly Lab/Rodent Research,Biology and Biotechnology/Biology and Biotechnology,Biology/Biology,0,0,0,0,0,0,0,0,0.001610306,0,0,0,0,0,0,0
Fruit Fly Lab/SABL,Biology and Biotechnology/Biology and Biotechnology,Biology/Incubator,0,0,0,0,0,0,0,0,0.001610306,0,0,0,0,0,0,0
Bioculture System/EXPRESS Rack,Biology and Biotechnology/Multipurpose,Biology/General science,0,0,0,0,0,0,0,0,0.001610306,0.001626016,0,0,0,0,0,0
EXPRESS Rack/Programmable Isolation Mount,Multipurpose/Multipurpose,General science/Vibration isolation,0,0,0,0,0,0,0,0,0.001610306,0,0,0,0,0,0,0
MERLIN/STaARS-1 EF,Biology and Biotechnology/Biology and Biotechnology,Refrigeration/Biology,0,0,0,0,0,0,0,0,0.001610306,0,0,0,0,0,0,0
Double Coldbag/FROST,Multipurpose/Multipurpose,Refrigeration/Refrigeration,0,0,0,0,0,0,0,0,0.001610306,0,0,0,0,0,0,0
SABL/TangoLab-1,Biology and Biotechnology/Multipurpose,Incubator/General science,0,0,0,0,0,0,0,0,0.001610306,0,0,0,0,0,0,0
MARES/Ultrasound 2,Human Research/Human Research,Crew health/Crew health,0,0,0,0,0,0,0,0,0.001610306,0,0,0,0,0,0,0
MELFI/Solar,Multipurpose/Earth and Space Science,Refrigeration/Astronomy,0,0,0,0,0,0,0,0,0.001610306,0,0,0,0,0,0,0
JEM-EF/Solar,Earth and Space Science/Earth and Space Science,External payloads/Astronomy,0,0,0,0,0,0,0,0,0.001610306,0,0,0,0,0,0,0
J-SSOD/JEM-EF,Multipurpose/Earth and Space Science,Satellite deployer/External payloads,0,0,0,0,0,0,0,0,0.001610306,0,0,0,0,0,0.001540832,0
NanoRacks External Platform/Solar,Multipurpose/Earth and Space Science,External payloads/Astronomy,0,0,0,0,0,0,0,0,0.001610306,0,0,0,0,0,0,0
FROST/MERLIN,Multipurpose/Biology and Biotechnology,Refrigeration/Refrigeration,0,0,0,0,0,0,0,0,0.001610306,0,0,0,0,0,0,0
CB/FROST,Multipurpose/Multipurpose,Glovebox/Refrigeration,0,0,0,0,0,0,0,0,0.001610306,0,0,0,0,0,0,0
EXPRESS Rack/Veggie,Multipurpose/Biology and Biotechnology,General science/Plant,0,0,0,0,0,0,0,0,0.001610306,0.003252033,0,0,0,0,0,0
MSPR/SABL,Multipurpose/Biology and Biotechnology,General science/Incubator,0,0,0,0,0,0,0,0,0.001610306,0,0,0,0,0,0,0
FIR/Veggie,Physical Science/Biology and Biotechnology,Fluids/Plant,0,0,0,0,0,0,0,0,0.001610306,0,0,0,0,0,0,0
Cyclops/NanoRacks External Platform,Multipurpose/Multipurpose,Satellite deployer/External payloads,0,0,0,0,0,0,0,0,0.001610306,0,0,0,0,0,0,0
EXPRESS Rack/Plant Habitat,Multipurpose/Biology and Biotechnology,General science/Plant,0,0,0,0,0,0,0,0,0,0.009756098,0,0,0.003034901,0.012345679,0,0
MELFI/NanoRacks Plate Reader,Multipurpose/Multipurpose,Refrigeration/Biology,0,0,0,0,0,0,0,0,0,0.004878049,0,0,0,0,0,0
MSG/SUBSA,Multipurpose/Physical Science,Glovebox/Physics,0,0,0,0,0,0,0,0,0,0.004878049,0.001805054,0,0.010622155,0,0.003081664,0
Plant Habitat/SABL,Biology and Biotechnology/Biology and Biotechnology,Plant/Incubator,0,0,0,0,0,0,0,0,0,0.004878049,0,0,0,0,0,0
EPM/ICE Cubes,Human Research/Multipurpose,Crew health/General science,0,0,0,0,0,0,0,0,0,0.003252033,0,0,0,0,0,0
MELFI/MVP,Multipurpose/Multipurpose,Refrigeration/Centrifuge,0,0,0,0,0,0,0,0,0,0.003252033,0.001805054,0,0,0.00154321,0,0
ELC/Solar,Earth and Space Science/Earth and Space Science,External payloads/Astronomy,0,0,0,0,0,0,0,0,0,0.003252033,0,0,0,0,0,0.003278689
EXHAM/J-SSOD,Multipurpose/Multipurpose,External payloads/Satellite deployer,0,0,0,0,0,0,0,0,0,0.003252033,0,0,0,0,0,0
EML/TangoLab-2,Physical Science/Multipurpose,Levitation/General science,0,0,0,0,0,0,0,0,0,0.003252033,0,0,0,0,0,0
MMD/MSG,Multipurpose/Multipurpose,Crew health/Glovebox,0,0,0,0,0,0,0,0,0,0.003252033,0,0,0,0,0,0
MMD/Rodent Research,Multipurpose/Biology and Biotechnology,Crew health/Biology,0,0,0,0,0,0,0,0,0,0.003252033,0.005415162,0,0,0.00308642,0,0
MELFI/MMD,Multipurpose/Multipurpose,Refrigeration/Crew health,0,0,0,0,0,0,0,0,0,0.003252033,0,0,0,0,0,0
EXHAM/NanoRacks CubeSat Deployer,Multipurpose/Multipurpose,External payloads/Satellite deployer,0,0,0,0,0,0,0,0,0,0.001626016,0,0,0,0,0,0
BRIC/HRF-2,Biology and Biotechnology/Multipurpose,Biology/Crew health,0,0,0,0,0,0,0,0,0,0.001626016,0,0,0.001517451,0,0,0
MUSES/RAM,Multipurpose/Human Research,Earth observation/Crew health,0,0,0,0,0,0,0,0,0,0.001626016,0,0,0,0,0,0
LSG/MSG,Multipurpose/Multipurpose,Glovebox/Glovebox,0,0,0,0,0,0,0,0,0,0.001626016,0.001805054,0,0,0.00154321,0.006163328,0
GN2/Plant Habitat,Multipurpose/Biology and Biotechnology,General science/Plant,0,0,0,0,0,0,0,0,0,0.001626016,0,0,0,0,0,0
FROST/HSRC,Multipurpose/Technology Development and Demonstration,Refrigeration/External payloads,0,0,0,0,0,0,0,0,0,0.001626016,0,0,0,0,0,0
EXPRESS Rack/TangoLab-2,Multipurpose/Multipurpose,General science/General science,0,0,0,0,0,0,0,0,0,0.001626016,0,0,0,0.00154321,0,0
CBEF/Polar,Biology and Biotechnology/Multipurpose,Centrifuge/Refrigeration,0,0,0,0,0,0,0,0,0,0.001626016,0,0,0,0,0,0
ELF/HSRC,Physical Science/Technology Development and Demonstration,Furnace/External payloads,0,0,0,0,0,0,0,0,0,0.001626016,0,0,0,0,0,0
CB/HSRC,Multipurpose/Technology Development and Demonstration,Glovebox/External payloads,0,0,0,0,0,0,0,0,0,0.001626016,0,0,0,0,0,0
HSRC/RC,Technology Development and Demonstration/Human Research,External payloads/Centrifuge,0,0,0,0,0,0,0,0,0,0.001626016,0,0,0,0,0,0
AMF/EXPRESS Rack,Technology Development and Demonstration/Multipurpose,3D printing/General science,0,0,0,0,0,0,0,0,0,0.001626016,0,0,0,0,0.012326656,0
EXPRESS Rack/MVP,Multipurpose/Multipurpose,General science/Centrifuge,0,0,0,0,0,0,0,0,0,0.001626016,0,0,0,0,0,0
MELFI/Plant Habitat,Multipurpose/Biology and Biotechnology,Refrigeration/Plant,0,0,0,0,0,0,0,0,0,0.001626016,0,0.002178649,0,0.00154321,0,0
J-SSOD/MUSES,Multipurpose/Multipurpose,Satellite deployer/Earth observation,0,0,0,0,0,0,0,0,0,0.001626016,0,0,0,0,0,0
HRF-2/RC,Multipurpose/Human Research,Crew health/Centrifuge,0,0,0,0,0,0,0,0,0,0.001626016,0,0,0,0,0,0
LSG/Rodent Research,Multipurpose/Biology and Biotechnology,Glovebox/Biology,0,0,0,0,0,0,0,0,0,0.001626016,0.005415162,0,0.003034901,0.00154321,0,0
GLACIER/TangoLab-2,Multipurpose/Multipurpose,Refrigeration/General science,0,0,0,0,0,0,0,0,0,0.001626016,0,0,0,0,0,0
GLACIER/TangoLab-1,Multipurpose/Multipurpose,Refrigeration/General science,0,0,0,0,0,0,0,0,0,0.001626016,0,0,0,0,0,0
EXHAM/RC,Multipurpose/Human Research,External payloads/Centrifuge,0,0,0,0,0,0,0,0,0,0.001626016,0,0.002178649,0,0,0,0
EXPRESS Rack/MSPR,Multipurpose/Multipurpose,General science/General science,0,0,0,0,0,0,0,0,0,0.001626016,0,0,0,0,0,0
CBEF/CBEF-L,Biology and Biotechnology/Biology and Biotechnology,Centrifuge/Centrifuge,0,0,0,0,0,0,0,0,0,0,0.018050542,0.02832244,0.02276176,0.015432099,0.003081664,0.013114754
MMD/Veggie,Multipurpose/Biology and Biotechnology,Crew health/Plant,0,0,0,0,0,0,0,0,0,0,0.009025271,0,0,0,0,0
CB/SlingShot,Multipurpose/Multipurpose,Glovebox/Satellite deployer,0,0,0,0,0,0,0,0,0,0,0.009025271,0.013071895,0.001517451,0,0,0
CBEF-L/Saibo,Biology and Biotechnology/Multipurpose,Centrifuge/Biology,0,0,0,0,0,0,0,0,0,0,0.007220217,0.004357298,0.001517451,0,0.001540832,0
ADSEP/BFF,Biology and Biotechnology/Biology and Biotechnology,Biology/Biology,0,0,0,0,0,0,0,0,0,0,0.007220217,0,0,0,0.006163328,0.006557377
Rodent Research/Spectrum,Biology and Biotechnology/Multipurpose,Biology/Biology,0,0,0,0,0,0,0,0,0,0,0.005415162,0.010893246,0,0,0,0
NanoRacks-extCygnus-NRCSD/RC,Multipurpose/Human Research,Satellite deployer/Centrifuge,0,0,0,0,0,0,0,0,0,0,0.005415162,0.006535948,0,0,0,0
CB/MVP,Multipurpose/Multipurpose,Glovebox/Centrifuge,0,0,0,0,0,0,0,0,0,0,0.005415162,0,0,0,0,0
ELC/MISSE-FF,Earth and Space Science/Technology Development and Demonstration,External payloads/Materials,0,0,0,0,0,0,0,0,0,0,0.003610108,0,0,0,0,0
CBEF-L/IPU,Biology and Biotechnology/Multipurpose,Centrifuge/Image processing,0,0,0,0,0,0,0,0,0,0,0.003610108,0,0,0,0,0
NanoRacks CubeSat Deployer/NanoRacks-extCygnus-NRCSD,Multipurpose/Multipurpose,Satellite deployer/Satellite deployer,0,0,0,0,0,0,0,0,0,0,0.003610108,0.006535948,0,0,0,0
MERLIN/Polar,Biology and Biotechnology/Multipurpose,Refrigeration/Refrigeration,0,0,0,0,0,0,0,0,0,0,0.003610108,0,0.001517451,0,0,0
J-SSOD/NanoRacks External Platform,Multipurpose/Multipurpose,Satellite deployer/External payloads,0,0,0,0,0,0,0,0,0,0,0.001805054,0,0,0,0,0
Bioculture System/ELF,Biology and Biotechnology/Physical Science,Biology/Furnace,0,0,0,0,0,0,0,0,0,0,0.001805054,0,0,0,0,0
ADSEP/Bioculture System,Biology and Biotechnology/Biology and Biotechnology,Biology/Biology,0,0,0,0,0,0,0,0,0,0,0.001805054,0,0,0,0,0
Bioculture System/SlingShot,Biology and Biotechnology/Multipurpose,Biology/Satellite deployer,0,0,0,0,0,0,0,0,0,0,0.001805054,0,0,0,0,0
BFF/Bioculture System,Biology and Biotechnology/Biology and Biotechnology,Biology/Biology,0,0,0,0,0,0,0,0,0,0,0.001805054,0,0,0,0,0
ALTEA/LIDAL,Human Research/Human Research,Crew health/Physics,0,0,0,0,0,0,0,0,0,0,0.001805054,0,0.009104704,0.007716049,0.001540832,0
Glovebox Freezer/MSG,Multipurpose/Multipurpose,Refrigeration/Glovebox,0,0,0,0,0,0,0,0,0,0,0.001805054,0,0,0.00154321,0.004622496,0
Glovebox Freezer/LSG,Multipurpose/Multipurpose,Refrigeration/Glovebox,0,0,0,0,0,0,0,0,0,0,0.001805054,0,0,0.00154321,0.004622496,0
MVP/PGB,Multipurpose/Multipurpose,Centrifuge/Glovebox,0,0,0,0,0,0,0,0,0,0,0.001805054,0,0,0,0,0
JEM-EF/MISSE-FF,Earth and Space Science/Technology Development and Demonstration,External payloads/Materials,0,0,0,0,0,0,0,0,0,0,0.001805054,0,0,0,0,0
LSG/SABL,Multipurpose/Biology and Biotechnology,Glovebox/Incubator,0,0,0,0,0,0,0,0,0,0,0.001805054,0,0,0.00308642,0.001540832,0
ELF/SlingShot,Physical Science/Multipurpose,Furnace/Satellite deployer,0,0,0,0,0,0,0,0,0,0,0.001805054,0,0,0,0,0
BFF/CB,Biology and Biotechnology/Multipurpose,Biology/Glovebox,0,0,0,0,0,0,0,0,0,0,0.001805054,0,0,0,0,0
EXPRESS Rack/RAM,Multipurpose/Human Research,General science/Crew health,0,0,0,0,0,0,0,0,0,0,0.001805054,0,0,0,0,0
Cryo Chiller/EXPRESS Rack,Multipurpose/Multipurpose,Refrigeration/General science,0,0,0,0,0,0,0,0,0,0,0.001805054,0,0,0,0,0
BFF/ELF,Biology and Biotechnology/Physical Science,Biology/Furnace,0,0,0,0,0,0,0,0,0,0,0.001805054,0,0,0,0,0
BFF/SlingShot,Biology and Biotechnology/Multipurpose,Biology/Satellite deployer,0,0,0,0,0,0,0,0,0,0,0.001805054,0,0,0,0,0
CB/ELF,Multipurpose/Physical Science,Glovebox/Furnace,0,0,0,0,0,0,0,0,0,0,0.001805054,0,0,0,0,0
Astrobee/SPHERES,Technology Development and Demonstration/Technology Development and Demonstration,Robotics/Robotics,0,0,0,0,0,0,0,0,0,0,0.001805054,0,0,0,0,0
CBEF-L/JAXA Mouse Habitat Unit,Biology and Biotechnology/Biology and Biotechnology,Centrifuge/Biology,0,0,0,0,0,0,0,0,0,0,0,0.015250545,0,0,0,0
Bone Densitometer/Spectrum,Biology and Biotechnology/Multipurpose,Crew health/Biology,0,0,0,0,0,0,0,0,0,0,0,0.004357298,0,0,0,0
EXPRESS Rack/Mobile SpaceLab,Multipurpose/Biology and Biotechnology,General science/Biology,0,0,0,0,0,0,0,0,0,0,0,0.002178649,0,0,0,0
Iceberg/Polar,Multipurpose/Multipurpose,Refrigeration/Refrigeration,0,0,0,0,0,0,0,0,0,0,0,0.002178649,0.003034901,0,0,0
EXPRESS Rack/Iceberg,Multipurpose/Multipurpose,General science/Refrigeration,0,0,0,0,0,0,0,0,0,0,0,0.002178649,0.001517451,0.00308642,0,0
EXPRESS Rack/LIDAL,Multipurpose/Human Research,General science/Physics,0,0,0,0,0,0,0,0,0,0,0,0.002178649,0.001517451,0,0,0
BFF/MERLIN,Biology and Biotechnology/Biology and Biotechnology,Biology/Refrigeration,0,0,0,0,0,0,0,0,0,0,0,0.002178649,0,0,0,0.003278689
Hermes/MSL,Multipurpose/Physical Science,Materials/Furnace,0,0,0,0,0,0,0,0,0,0,0,0.002178649,0,0,0,0
Confocal Microscope/MSPR,Multipurpose/Multipurpose,Microscope/General science,0,0,0,0,0,0,0,0,0,0,0,0.002178649,0,0,0,0
MWA/Plant Habitat,Multipurpose/Biology and Biotechnology,Maintenance/Plant,0,0,0,0,0,0,0,0,0,0,0,0.002178649,0.001517451,0,0,0
KERMIT/MSRR-1,Multipurpose/Physical Science,Microscope/Materials,0,0,0,0,0,0,0,0,0,0,0,0,0.003034901,0,0.004622496,0
CBEF/SABL,Biology and Biotechnology/Biology and Biotechnology,Centrifuge/Incubator,0,0,0,0,0,0,0,0,0,0,0,0,0.003034901,0,0,0
Confocal Microscope/SABL,Multipurpose/Biology and Biotechnology,Microscope/Incubator,0,0,0,0,0,0,0,0,0,0,0,0,0.003034901,0,0,0
CBEF/Confocal Microscope,Biology and Biotechnology/Multipurpose,Centrifuge/Microscope,0,0,0,0,0,0,0,0,0,0,0,0,0.003034901,0,0,0.003278689
HRF-2/Portable Pulmonary Function System,Multipurpose/Human Research,Crew health/Crew health,0,0,0,0,0,0,0,0,0,0,0,0,0.001517451,0,0,0
Actiwatch/Portable Pulmonary Function System,Human Research/Human Research,Crew health/Crew health,0,0,0,0,0,0,0,0,0,0,0,0,0.001517451,0,0,0
EXPRESS Rack/Faraday Research,Multipurpose/Multipurpose,General science/General science,0,0,0,0,0,0,0,0,0,0,0,0,0.001517451,0.00154321,0.001540832,0
ADSEP/ADSEP-2,Biology and Biotechnology/Multipurpose,Biology/Biology,0,0,0,0,0,0,0,0,0,0,0,0,0.001517451,0,0.003081664,0.009836066
Holter Monitor 2/WORF,Human Research/Earth and Space Science,Crew health/Earth observation,0,0,0,0,0,0,0,0,0,0,0,0,0.001517451,0,0,0
Holter Monitor 2/Portable Pulmonary Function System,Human Research/Human Research,Crew health/Crew health,0,0,0,0,0,0,0,0,0,0,0,0,0.001517451,0,0,0
Holter Monitor 2/PFS,Human Research/Human Research,Crew health/Crew health,0,0,0,0,0,0,0,0,0,0,0,0,0.001517451,0,0,0
Spectrum/WORF,Multipurpose/Earth and Space Science,Biology/Earth observation,0,0,0,0,0,0,0,0,0,0,0,0,0.001517451,0,0,0
Portable Pulmonary Function System/Spectrum,Human Research/Multipurpose,Crew health/Biology,0,0,0,0,0,0,0,0,0,0,0,0,0.001517451,0,0,0
PFS/Spectrum,Human Research/Multipurpose,Crew health/Biology,0,0,0,0,0,0,0,0,0,0,0,0,0.001517451,0,0,0
CBEF/IPU2,Biology and Biotechnology/Multipurpose,Centrifuge/Image processing,0,0,0,0,0,0,0,0,0,0,0,0,0.001517451,0.00154321,0.001540832,0
FROST/SCOF,Multipurpose/Biology and Biotechnology,Refrigeration/Microscope,0,0,0,0,0,0,0,0,0,0,0,0,0.001517451,0,0,0
Bio-Analyzer/EXPRESS Rack,Biology and Biotechnology/Multipurpose,Crew health/General science,0,0,0,0,0,0,0,0,0,0,0,0,0.001517451,0,0,0
Bio-Analyzer/Bio-Monitor,Biology and Biotechnology/Human Research,Crew health/Crew health,0,0,0,0,0,0,0,0,0,0,0,0,0.001517451,0,0,0
KERMIT/SAMS-II,Multipurpose/Multipurpose,Microscope/Physics,0,0,0,0,0,0,0,0,0,0,0,0,0.001517451,0,0.003081664,0
KERMIT/MSL,Multipurpose/Physical Science,Microscope/Furnace,0,0,0,0,0,0,0,0,0,0,0,0,0.001517451,0,0,0
CIR/Cold Atom Lab,Physical Science/Physical Science,Furnace/Physics,0,0,0,0,0,0,0,0,0,0,0,0,0.001517451,0,0,0
ETC/MSG,Multipurpose/Multipurpose,Stowage/Glovebox,0,0,0,0,0,0,0,0,0,0,0,0,0.001517451,0,0,0
HRF-1/PFS,Multipurpose/Human Research,Crew health/Crew health,0,0,0,0,0,0,0,0,0,0,0,0,0.001517451,0,0,0
Actiwatch/PFS,Human Research/Human Research,Crew health/Crew health,0,0,0,0,0,0,0,0,0,0,0,0,0.001517451,0,0,0
Iceberg/MELFI,Multipurpose/Multipurpose,Refrigeration/Refrigeration,0,0,0,0,0,0,0,0,0,0,0,0,0.001517451,0,0.001540832,0
Iceberg/MERLIN,Multipurpose/Biology and Biotechnology,Refrigeration/Refrigeration,0,0,0,0,0,0,0,0,0,0,0,0,0.001517451,0,0,0
CB/Iceberg,Multipurpose/Multipurpose,Glovebox/Refrigeration,0,0,0,0,0,0,0,0,0,0,0,0,0.001517451,0,0,0
MSL/SAMS-II,Physical Science/Multipurpose,Furnace/Physics,0,0,0,0,0,0,0,0,0,0,0,0,0.001517451,0,0,0
MSRR-1/SAMS-II,Physical Science/Multipurpose,Materials/Physics,0,0,0,0,0,0,0,0,0,0,0,0,0.001517451,0,0.004622496,0
Actiwatch/WORF,Human Research/Earth and Space Science,Crew health/Earth observation,0,0,0,0,0,0,0,0,0,0,0,0,0.001517451,0,0,0
Portable Pulmonary Function System/WORF,Human Research/Earth and Space Science,Crew health/Earth observation,0,0,0,0,0,0,0,0,0,0,0,0,0.001517451,0,0,0
GHF/KOBAIRO Rack,None/Physical Science,Furnace/General science,0,0,0,0,0,0,0,0,0,0,0,0,0.001517451,0,0,0
CIR/SoFIE,Physical Science/Physical Science,Furnace/Combustion,0,0,0,0,0,0,0,0,0,0,0,0,0,0.026234568,0.027734977,0.049180328
EPM/GN2,Human Research/Multipurpose,Crew health/General science,0,0,0,0,0,0,0,0,0,0,0,0,0,0.00154321,0,0
CBEF-L/IPU2,Biology and Biotechnology/Multipurpose,Centrifuge/Image processing,0,0,0,0,0,0,0,0,0,0,0,0,0,0.00154321,0,0
MSG/PFMI,Multipurpose/Physical Science,Glovebox/Physics,0,0,0,0,0,0,0,0,0,0,0,0,0,0.00154321,0,0
CBEF-L/Confocal Microscope,Biology and Biotechnology/Multipurpose,Centrifuge/Microscope,0,0,0,0,0,0,0,0,0,0,0,0,0,0.00154321,0,0.003278689
Glovebox Freezer/Rodent Research,Multipurpose/Biology and Biotechnology,Refrigeration/Biology,0,0,0,0,0,0,0,0,0,0,0,0,0,0.00154321,0,0
MSPR/TELLAS,Multipurpose/Multipurpose,General science/Biology,0,0,0,0,0,0,0,0,0,0,0,0,0,0.00154321,0.001540832,0
ELF/EML,Physical Science/Physical Science,Furnace/Levitation,0,0,0,0,0,0,0,0,0,0,0,0,0,0.00154321,0,0
Kubik/MERLIN,Multipurpose/Biology and Biotechnology,Incubator/Refrigeration,0,0,0,0,0,0,0,0,0,0,0,0,0,0.00154321,0,0.003278689
Actiwatch/Bio-Monitor,Human Research/Human Research,Crew health/Crew health,0,0,0,0,0,0,0,0,0,0,0,0,0,0.00154321,0,0
ELC/Rodent Research,Earth and Space Science/Biology and Biotechnology,External payloads/Biology,0,0,0,0,0,0,0,0,0,0,0,0,0,0.00154321,0,0
KERMIT/SABL,Multipurpose/Biology and Biotechnology,Microscope/Incubator,0,0,0,0,0,0,0,0,0,0,0,0,0,0,0.004622496,0
BRIC/MERLIN,Biology and Biotechnology/Biology and Biotechnology,Biology/Refrigeration,0,0,0,0,0,0,0,0,0,0,0,0,0,0,0.004622496,0
BFF/Iceberg,Biology and Biotechnology/Multipurpose,Biology/Refrigeration,0,0,0,0,0,0,0,0,0,0,0,0,0,0,0.003081664,0
MERLIN/SCOF,Biology and Biotechnology/Biology and Biotechnology,Refrigeration/Microscope,0,0,0,0,0,0,0,0,0,0,0,0,0,0,0.001540832,0
ELF/MSPR-2,Physical Science/Multipurpose,Furnace/General science,0,0,0,0,0,0,0,0,0,0,0,0,0,0,0.001540832,0
BioServe Centrifuge/LSG,Multipurpose/Multipurpose,Centrifuge/Glovebox,0,0,0,0,0,0,0,0,0,0,0,0,0,0,0.001540832,0
CB/CBEF-L,Multipurpose/Biology and Biotechnology,Glovebox/Centrifuge,0,0,0,0,0,0,0,0,0,0,0,0,0,0,0.001540832,0
GN2/Solar,Multipurpose/Earth and Space Science,General science/Astronomy,0,0,0,0,0,0,0,0,0,0,0,0,0,0,0.001540832,0
EXPRESS Rack/KERMIT,Multipurpose/Multipurpose,General science/Microscope,0,0,0,0,0,0,0,0,0,0,0,0,0,0,0.001540832,0
CB/IPU2,Multipurpose/Multipurpose,Glovebox/Image processing,0,0,0,0,0,0,0,0,0,0,0,0,0,0,0.001540832,0
EXPRESS Rack/SALI,Multipurpose/Biology and Biotechnology,General science/Incubator,0,0,0,0,0,0,0,0,0,0,0,0,0,0,0.001540832,0
BFF/MELFI,Biology and Biotechnology/Multipurpose,Biology/Refrigeration,0,0,0,0,0,0,0,0,0,0,0,0,0,0,0.001540832,0.006557377
IPU2/Saibo,Multipurpose/Multipurpose,Image processing/Biology,0,0,0,0,0,0,0,0,0,0,0,0,0,0,0.001540832,0
EDR/EDR-2,Multipurpose/Multipurpose,General science/General science,0,0,0,0,0,0,0,0,0,0,0,0,0,0,0,0.003278689
CB/Nanoracks Airlock,Multipurpose/Multipurpose,Glovebox/External payloads,0,0,0,0,0,0,0,0,0,0,0,0,0,0,0,0.003278689
CIR/Plant Habitat,Physical Science/Biology and Biotechnology,Furnace/Plant,0,0,0,0,0,0,0,0,0,0,0,0,0,0,0,0.003278689
Astrobee/ELC,Technology Development and Demonstration/Earth and Space Science,Robotics/External payloads,0,0,0,0,0,0,0,0,0,0,0,0,0,0,0,0.003278689
HPA/Plant Habitat,Human Research/Biology and Biotechnology,Human research/Plant,0,0,0,0,0,0,0,0,0,0,0,0,0,0,0,0.003278689